Case Number,Diagnostician,State,County,Area,Species,Year,No. Rec.,Sex,Age,Weight,Diagnosis,Other/ Comments,Date Rec.
005-75,,SC,CHARLESTON,KIAWAH ISLAND,RACCOON,1975,1,F,AD,,CANINE DISTEMPER,BASED ON PRESENCE OF VIRAL INCLUSION BODIES,01-17-75
017-75,,GA,NEWTON,MANSFIELD,RACCOON,1975,1,M,AD,,HEMORRHAGIC GASTROENERTITIS DUE TO CANINE DISTEMPER,BASED ON PRESENCE OF VIRAL INCLUSION BODIES,04-23-75
045-75,,GA,JACKSON,ARCADE,GRAY FOX,1975,1,F,AD,,CANINE DISTEMPER,BASED ON PRESENCE OF VIRAL INCLUSION BODIES,09-19-75
058-75,,GA,WALTON,HARD LABOR CREEK STATE PARK,GRAY FOX,1975,1,M,AD,,CANINE DISTEMPER,BASED ON PRESENCE OF VIRAL INCLUSION BODIES,10-27-75
059-75,,GA,MORGAN,MONROE,GRAY FOX,1975,1,M,AD,,CANINE DISTEMPER,BASED ON PRESENCE OF VIRAL INCLUSION BODIES,10-24-75
060-75,,GA,MORGAN,MADISON,GRAY FOX,1975,1,F,AD,,CANINE DISTEMPER,BASED ON PRESENCE OF VIRAL INCLUSION BODIES,10-24-75
002-76,,GA,MORGAN,RUTLEDGE,RACCOON,1976,1,F,IM,,CANINE DISTEMPER SUSPECTED,,01/08/1976
006-76,,GA,MORGAN,MADISON,GRAY FOX,1976,1,M,AD,,CANINE DISTEMPER,BASED ON PRESENCE OF VIRAL INCLUSION BODIES,01-29-76
014-76,,GA,JACKSON,,RACCOON,1976,1,F,IM,,CANINE DISTEMPER,BASED ON PRESENCE OF VIRAL INCLUSION BODIES,02-27-76
019-76,,GA,JACKSON,MAYSVILLE,GRAY FOX,1976,1,F,AD,,CANINE DISTEMPER,BASED ON PRESENCE OF VIRAL INCLUSION BODIES,03/10/1976
024-76,,GA,MONROE,FORSYTHE -- MAYNARD CHURCH ROAD,RACCOON,1976,1,M,IM,,CANINE DISTEMPER,BASED ON PRESENCE OF VIRAL INCLUSION BODIES,03-30-76
029-76,,GA,JACKSON,ROUTE 1 -- JEFFERSON,GRAY FOX,1976,1,M,AD,,CANINE DISTEMPER,CATARRHAL BRONCHITIS  BASED ON PRESENCE OF VIRAL INCLUSION BODIES,04-16-76
030-76,,GA,MONROE,,RACCOON,1976,1,F,SUBADULT,,CANINE DISTEMPER,PURULENT BRONCHITIS  BASED ON PRESENCE OF VIRAL INCLUSION BODIES,04-18-76
052-76,,GA,JACKSON,RIVER ROAD,RACCOON,1976,1,F,AD,,NEUROLOGIC DISEASE DUE TO CANINE DISTEMPER,BASED ON PRESENCE OF VIRAL INCLUSION BODIES,08-16-76
077-76,,TN,,BUFFALO SPRINGS GAME FARM,RACCOON,1976,1,F,AD,,NEUROLOGIC FORM OF CANINE DISTEMPER,"STARVATION, DEHYDRATION  BASED ON FLUORESCENT ANTIBODY EXAMINATION",09-30-76
085-76,,GA,CLARKE,THOMAS TEXTILE MILL,RACCOON,1976,1,F,AD,,CANINE DISTEMPER,"TRAUMA, ENTERITIS  BASED ON PRESENCE OF VIRAL INCLUSION BODIES",10-19-76
002-77,,GA,OCONEE,FARMINGTON,GRAY FOX,1977,1,F,SUBADULT,,CANINE DISTEMPER,BASED ON PRESENCE OF VIRAL INCLUSION BODIES  GUNSHOT AND DOG BITES,01/12/1977
009-77,,GA,CLARKE,HIGHWAY 78 EAST,GRAY FOX,1977,1,F,AD,,CANINE DISTEMPER,BASED ON PRESENCE OF VIRAL INCLUSION BODIES  PNEUMONIA AND GASTROENTERITIS,01/25/77
013-77,,GA,OCONEE,HARRIS SHOALS,RACCOON,1977,1,F,AD,,CANINE DISTEMPER AND TOXOPLASMOSIS,BASED ON PRESENCE OF VIRAL INCLUSION BODIES AND TOXOPLASMA PSEUDOCYSTS,01-31-77
017-77,,GA,OCONEE,ATHEN'S ACADEMY,RACCOON,1977,1,M,AD,,CANINE DISTEMPER,LOCALIZED PULMONARY NEMATODIASIS  BASED ON PRESENCE OF VIRAL INCLUSION BODIES,02-17-77
018-77,,GA,CLARKE,OLD LEXINGTON ROAD,GRAY FOX,1977,1,F,AD,,CANINE DISTEMPER,BASED ON PRESENCE OF VIRAL INCLUSION BODIES,02-17-77
019-77,,GA,OCONEE,FARMINGTON,GRAY FOX,1977,1,F,AD,,CANINE DISTEMPER,BASED ON PRESENCE OF VIRAL INCLUSION BODIES,02/18/77
020-77,,GA,CLARKE,,GRAY FOX,1977,1,F,AD,,CANINE DISTEMPER,BASED ON PRESENCE OF VIRAL INCLUSION BODIES,02-28-77
026-77,,GA,CLARKE,ATHENS,GRAY FOX,1977,1,F,AD,,CANINE DISTEMPER,BASED ON PRESENCE OF VIRAL INCLUSION BODIES,03/12/1977
050-77,,GA,WALTON,BRYANT FARM,RACCOON,1977,1,M,IM,,PNEUMONIA DUE TO CANINE DISTEMPER,BASED ON PRESENCE OF VIRAL INCLUSION BODIES,06/07/1977
099-77,,GA,COLUMBIA,,RACCOON,1977,1,F,IM,,CANINE DISTEMPER,NEUROLOGIC DISEASE  BASED ON PRESENCE OF VIRAL INCLUSION BODIES,11-14-77
107-77,,GA,CLARKE,ATHENS,RACCOON,1977,1,F,IM,,CANINE DISTEMPER,BASED ON PRESENCE OF VIRAL INCLUSION BODIES,12/07/1977
003-78,,GA,HALL,DEWBERRY CHURCH,GRAY FOX,1978,1,M,AD,,CANINE DISTEMPER,BASED ON PRESENCE OF VIRAL INCLUSION BODIES,01/12/1978
012-78,,GA,HALL,4.7 MI. SW OF CLERMONT,GRAY FOX,1978,1,F,IM,,CANINE DISTEMPER,BASED ON PRESENCE OF VIRAL INCLUSION BODIES,02/03/1978
031-78,,GA,HABERSHAM,CLARKESVILLE,GRAY FOX,1978,1,M,IM,,CANINE DISTEMPER,BASED ON PRESENCE OF VIRAL INCLUSION BODIES,02-26-78
047-78,,GA,GORDON,,GRAY FOX,1978,1,M,AD,,CANINE DISTEMPER AND TOXOPLASMOSIS,BASED ON PRESENCE OF VIRAL INCLUSION BODIES  TOXOPLASMA CYSTS WERE SEEN IN LUNG AND SPLEEN,04/11/1978
051-78,,GA,GORDON,CALHOUN,GRAY FOX,1978,1,M,AD,,CANINE DISTEMPER,BASED ON PRESENCE OF VIRAL INCLUSION BODIES,04-13-78
056-78,,GA,ELBERT,,RACCOON,1978,1,F,AD,,CANINE DISTEMPER AND VERMINOUS BRONCHITIS,,05/12/1978
060-78,,GA,FLOYD,BERRY COLLEGE GMA,RACCOON,1978,1,F,AD,,CANINE DISTEMPER SUSPECTED,,06/07/1978
071-78,,SC,MCCORMICK,,RACCOON,1978,1,M,AD,,CANINE DISTEMPER,INTERSTITIAL PNEUMONIA,08-15-78
097-78,,GA,JASPER,MONTICELLO,RACCOON,1978,1,F,IM,,CANINE DISTEMPER,,10/02/1978
098-78,,GA,ELBERT,FORTSONIA,RACCOON,1978,1,F,IM,,CANINE DISTEMPER,,10/03/1978
102-78,,GA,FLOYD,,GRAY FOX,1978,1,M,AD,,CANINE DISTEMPER AND PNEUMONIA SUSPECTED,,10/09/1978
046-79,,GA,ELBERT,8 MILES NORTH ELBERTON,GRAY FOX,1979,1,F,AD,,CANINE DISTEMPER,BASED ON PRESENCE OF VIRAL INCLUSION BODIES,03-14-79
079-79,,VA,SMYTH,NEAR ATKINS,RACCOON,1979,1,F,AD,,CANINE DISTEMPER,BASED ON PRESENCE OF VIRAL INCLUSION BODIES  ENERITIS AND PNEUMONIA,05/01/1979
125-79,,GA,HABERSHAM,TALLULAH FALLS,RACCOON,1979,1,F,IM,,CANINE DISTEMPER ENCEPHALITIS,BASED ON FLUORESCENT ANTIBODY EXAMINATION,09-29-79
031-80,,SC,BEAUFORT,HILTON HEAD,RACCOON,1980,1,M,AD,,CANINE DISTEMPER SUSPECTED,"PNEUMONIA, MILD MYOCARDITIS",05-16-80
032-80,,SC,BEAUFORT,HILTON HEAD,RACCOON,1980,1,M,SUBADULT,,CANINE DISTEMPER,BASED ON PRESENCE OF VIRAL INCLUSION BODIES,05-17-80
033-80,,SC,BEAUFORT,HILTON HEAD,RACCOON,1980,1,M,AD,,CANINE DISTEMPER ENCEPHALITIS AND INTERSTITIAL PNEUMONIA,FRACTURED ULNA WITH SURROUNDING SOFT TISSUE INFECTION,05-19-80
034-80,,SC,BEAUFORT,HILTON HEAD,RACCOON,1980,1,M,AD,,CANINE DISTEMPER,RENAL DISEASE  BASED ON FLUORESCENT ANTIBODY EXAMINATION,05-16-80
048-80,,GA,MORGAN,SOUTH OF MADISON,RACCOON,1980,1,F,IM,,CANINE DISTEMPER,BASED ON FLUORESCENT ANTIBODY EXAMINATION,06-20-80
070-80,,GA,MORGAN,APPALACHEE,RACCOON,1980,1,F,IM,,CANINE DISTEMPER,BASED ON PRESENCE OF VIRAL INCLUSION BODIES,09/11/1980
121-80,,GA,MORGAN,APPALACHEE,RACCOON,1980,1,M,AD,,CANINE DISTEMPER,BASED UPON FLUORESCENT ANTIBODY TEST AND PRESENCE OF VIRAL INCLUSION BODIES,10-31-80
122-80,,GA,RICHMOND,THOMSON,RACCOON,1980,1,M,AD,,CANINE DISTEMPER,BASED UPON PRESENCE OF VIRAL INCLUSION BODIES,11/03/1980
143-80,,GA,RICHMOND,SOUTH AUGUSTA,RACCOON,1980,1,F,IM,,CANINE DISTEMPER,BASED ON PRESENCE OF VIRAL INCLUSION BODIES,12-29-80
011-81,,GA,OCONEE,BRITTAIN ESTATES,RACCOON,1981,1,M,AD,,CANINE DISTEMPER,BASED ON PRESENCE OF VIRAL INCLUSION BODIES,01/09/1981
017-81,,GA,BARTOW,,RACCOON,1981,1,M,,,CANINE DISTEMPER,BASED ON PRESENCE OF VIRAL INCLUSION BODIES,01-13-81
018-81,,GA,OCONEE,WATKINSVILLE,RACCOON,1981,1,M,AD,,CANINE DISTEMPER,BASED ON PRESENCE OF VIRAL INCLUSION BODIES,01-17-81
030-81,,GA,OCONEE,WATKINSVILLE,RACCOON,1981,1,M,SUBADULT,,"CANINE DISTEMPER, TOXOPLASMOSIS",BASED ON PRESENCE OF VIRAL INCLUSION BODIES,02-21-81
036-81,,GA,OCONEE,WATKINSVILLE,RACCOON,1981,1,F,IM,,CANINE DISTEMPER,BASED ON PRESENCE OF VIRAL INCLUSION BODIES,02-28-81
074-81,,VA,YORK,,RACCOON,1981,1,M,AD,,CANINE DISTEMPER,BASED ON PRESENCE OF VIRAL INCLUSION BODIES,02/03/1981
086-81,,GA,NEWTON,,RACCOON,1981,1,,,,CANINE DISTEMPER,COULD NOT FIND RECORD FOR FURTHER INFORMATION,
188-87,,GA,TELFAIR,,COYOTE,1987,1,,,,PARVOVIRUS ENTERITIS AND CANINE DISTEMPER,,
010-92,,GA,GORDON,RANGER,RACCOON,1992,1,F,IM,,CANINE DISTEMPER,POSITIVE FA FOR CANINE DISTEMPER VIRUS.  PRESENCE OF EOSINOPHILIC INTRACYTOPLASMIC INCLUSION BODIES.,01-25-92
003-93,,SC,RICHLAND,,GRAY FOX,1993,1,F,6-12 MO,,CANINE DISTEMPER,POSITIVE FA FOR CANINE DISTEMPER  EOSINOPHILIC INTRACYTOPLASMIC INCLUSION BODIES PRESENT,01/06/1993
029-93,,GA,CANDLER,METTER,GRAY FOX,1993,1,F,AD,,CANINE DISTEMPER,POSITIVE FA FOR CANINE DISTEMPER.  EOSINOPHILIC INTRACYTOPLASMIC INCLUSION BODIES PRESENT,02-17-93
075-93,,GA,HALL,GAINESVILLE,GRAY FOX,1993,1,M,AD,,CANINE DISTEMPER,POSTIVE FA FOR CANINE DISTEMPER,04/09/1993
105-81,,VA,SMYTH,GROSSES CREEK,RACCOON,1981,1,F,SUBADULT,,CANINE DISTEMPER,BASED ON PRESENCE OF VIRAL INCLUSION BODIES,04/02/1981
053-81,,GA,PUTNAM,B.F.GRANT WMA,RACCOON,1981,1,F,AD,,CANINE DISTEMPER,BASED ON PRESENCE OF VIRAL INCLUSION BODIES,04/08/1981
085-81,,GA,MORGAN,HARD LABOR CREEK STATE PARK,RACCOON,1981,1,M,SUBADULT,,CANINE DISTEMPER,BASED ON PRESENCE OF VIRAL INCLUSION BODIES,05/03/1981
087-81,,GA,OCONEE,HIGHLAND OAKS,RACCOON,1981,1,F,AD,,CANINE DISTEMPER,BASED ON PRESENCE OF VIRAL INCLUSION BODIES,05/03/1981
088-81,,SC,BERKELEY,DENNIS CENTER,RACCOON,1981,1,F,AD,,CANINE DISTEMPER,BASED ON PRESENCE OF VIRAL INCLUSION BODIES,05-15-81
130-81,,VA,WYTHE,,RACCOON,1981,1,F,IM,,CANINE DISTEMPER SUSPECTED,NONSUPPURATIVE ENCEPHALITIS,06/02/1981
131-81,,VA,WYTHE,,RACCOON,1981,1,M,AD,,CANINE DISTEMPER SUSPECTED,NONSUPPURATIVE ENCEPHALITIS,07/01/1981
112-81,,GA,OGLETHORPE,WATSON MILL STATE PARK,RACCOON,1981,1,M,AD,,CANINE DISTEMPER,BASED ON PRESENCE OF VIRAL INCLUSION BODIES,08/12/1981
119-81,,WV,TAYLOR,NEAR FAIRMONT,RACCOON,1981,1,F,IM,,CANINE DISTEMPER,BASED ON PRESENCE OF VIRAL INCLUSION BODIES,08-15-81
120-81,,GA,OGLETHORPE,,RACCOON,1981,1,M,AD,,CANINE DISTEMPER,BASED ON PRESENCE OF VIRAL INCLUSION BODIES,08-16-81
127-81,,GA,OGLETHORPE,LEXINGTON,RACCOON,1981,1,M,AD,,CANINE DISTEMPER,BASED ON PRESENCE OF VIRAL INCLUSION BODIES,09/09/1981
135-81,,GA,CLAYTON,COLLEGE PARK,GRAY FOX,1981,1,F,IM,,CANINE DISTEMPER,BASED ON PRESENCE OF VIRAL INCLUSION BODIES,09-24-81
150-81,,WV,MONROE,,RACCOON,1981,1,F,AD,,CANINE DISTEMPER SUSPECTED,BASED ON GROSS LESIONS,11/03/1981
159-81,,VA,GRAYSON,FAIRWOOD VALLEY (UPPER FOX CREEK),RACCOON,1981,1,F,AD,,CANINE DISTEMPER,BASED ON FLUORESCENT ANTIBODY EXAMINATION,11-20-81
158-81,,VA,WYTHE,RURAL RETREAT,GRAY FOX,1981,1,F,AD,,CANINE DISTEMPER,BASED ON PRESENCE OF VIRAL INCLUSION BODIES,12/07/1981
160-81,,VA,WYTHE,LOCUST HILL,RACCOON,1981,1,M,AD,,CANINE DISTEMPER,BASED ON PRESENCE OF VIRAL INCLUSION BODIES,12/07/1981
163-81,,GA,MADISON,NEW TOWN,RACCOON,1981,1,F,IM,,"CANINE DISTEMPER, TOXOPLASMOSIS",BASED ON PRESENCE OF VIRAL INCLUSION BODIES,12/10/1981
003-82,,GA,WALTON,COUNTY LINE ROAD NEAR ALCOVY ROAD,GRAY FOX,1981,1,M,AD,,CANINE DISTEMPER,BASED ON PRESENCE OF VIRAL INCLUSION BODIES,11/02/1981
162-81,,GA,PUTNAM,,RACCOON,1981,1,F,SUBADULT,,CANINE DISTEMPER,BASED ON PRESENCE OF VIRAL INCLUSION BODIES,12/02/1981
169-81,,VA,FINCASTLE,,GRAY FOX,1981,1,F,AD,,CANINE DISTEMPER SUSPECTED,DIFFUSE VIRAL ENCEPHALITIS,12-18-81
099-82,,VA,SMYTH,,GRAY FOX,1982,1,M,1.5 YR,,CANINE DISTEMPER SUSPECTED,NONSUPPURATIVE ENCEPHALITIS,01/06/1982
005-82,,GA,STEPHENS,LAKE RUSSELL WMA,GRAY FOX,1982,1,F,IM,,CANINE DISTEMPER,BASED ON PRESENCE OF VIRAL INCLUSION BODIES,01/09/1982
007-82,,GA,MADISON,COMER,RACCOON,1982,1,F,AD,,CANINE DISTEMPER,BASED ON PRESENCE OF VIRAL INCLUSION BODIES,01-14-82
019-82,,GA,OGLETHORPE,JAMES SLAY FARM,RACCOON,1982,1,F,IM,,CANINE DISTEMPER,BASED ON PRESENCE OF VIRAL INCLUSION BODIES,01-24-82
022-82,,GA,CLARKE,BARNETT SHOALS ROAD,RACCOON,1982,1,M,AD,,CANINE DISTEMPER,BASED ON PRESENCE OF VIRAL INCLUSION BODIES,01-26-82
042-82,,GA,CLARKE,ED HAMMER RESIDENCE,RACCOON,1982,1,M,AD,,CANINE DISTEMPER,BASED ON PRESENCE OF VIRAL INCLUSION BODIES,02-16-82
030-83,,GA,GORDON,,GRAY FOX,1982,1,F,AD,,CANINE DISTEMPER,BASED ON FLUORESCENT ANTIBODY EXAMINATION,03/01/1982
052-82,,GA,STEWART,LUMPKIN,RACCOON,1982,1,F,SUBADULT,,CANINE DISTEMPER,BASED ON PRESENCE OF VIRAL INCLUSION BODIES,03-15-82
053-82,,GA,WILKES,,RACCOON,1982,1,M,SUBADULT,,"CANINE DISTEMPER, TOXPLASMOSIS",BASED ON PRESENCE OF VIRAL INCLUSION BODIES,03-21-82
100-82,,VA,SMYTH,CLINCH MOUNTAIN WMA,GRAY FOX,1982,1,M,AD,,CANINE DISTEMPER SUSPECTED,PURULENT BRONCHOPNEUMONIA,03-24-82
054-82,,GA,FLOYD,,RACCOON,1982,1,M,AD,,CANINE DISTEMPER SUSPECTED,BASED ON PRESENCE OF VIRAL INCLUSION BODIES,03-28-82
056-82,,GA,GORDON,CALHOUN,RACCOON,1982,1,M,AD,,CANINE DISTEMPER SUSPECTED,"NONSUPPURATIVE ENCEPHALITIS, SUPPURATIVE PNEUMONIA",03-28-82
098-82,,VA,SMYTH,CLINCH MOUNTAIN WMA,GRAY FOX,1982,1,M,1 YR,,CANINE DISTEMPER SUSPECTED,BASED ON HISTORY OF NEUROLOGIC SIGNS,04/01/1982
061-82,,KY,LYON,HILLMAN FERRY CAMPGROUND,GRAY FOX,1982,1,F,AD,,CANINE DISTEMPER SUSPECTED,BASED ON GROSS AND MICROSCOPIC LESIONS,04/04/1982
062-82,,KY,TRIGG,HONKER LAKE,RACCOON,1982,1,M,AD,,CANINE DISTEMPER SUSPECTED,BASED ON GROSS AND MICROSCOPIC LESIONS,04/07/1982
106-82,,KY,TRIGG/LYON,LAND-BETWEEN-THE-LAKES SILVER TRAIL AND TRACE,RACCOON,1982,1,M,AD,,CANINE DISTEMPER SUSPECTED,NONSUPPURATIVE ENCEPHALITIS,04/10/1982
059-82,,GA,WALTON,WALTON,RACCOON,1982,1,F,AD,,CANINE DISTEMPER,BASED ON PRESENCE OF VIRAL INCLUSION BODIES,04/12/1982
060-82,,GA,TALIAFERRO,CRAWFORDVILLE,RACCOON,1982,1,M,AD,,CANINE DISTEMPER SUSPECTED,BASED ON GROSS AND MICROSCOPIC LESIONS,04-13-82
068-82,,GA,BANKS,MAYSVILLE,RACCOON,1982,1,F,IM,,CANINE DISTEMPER,BASED ON PRESENCE OF VIRAL INCLUSION BODIES,04-13-82
101-82,,KY,TRIGG/LYON,LAND-BETWEEN-THE-LAKES ADMINISTRATION BUILDING,RACCOON,1982,1,F,AD,,CANINE DISTEMPER SUSPECTED,BASED ON HISTORY AND HISTOLOGIC LESIONS OF BRONCHOPNEUMONIA,04-13-82
102-82,,KY,TRIGG/LYON,LAND-BETWEEN-THE-LAKES MULBERRY FLAT ROAD,RACCOON,1982,1,F,AD,,CANINE DISTEMPER SUSPECTED,NONSUPPURATIVE ENCEPHALITIS AND INTERSTITIAL PNEUMONIA,04-13-82
103-82,,KY,TRIGG/LYON,LAND-BETWEEN-THE-LAKES MULBERRY FLAT ROAD,RACCOON,1982,1,F,AD,,CANINE DISTEMPER,,04-13-82
067-82,,GA,ELBERT,ELBERTON,RACCOON,1982,1,M,IM,,CANINE DISTEMPER SUSPECTED,"BASED ON GROSS AND MICROSCOPIC LESIONS, NONSUPPURATIVE ENCEPHALITIS, INTERSTITIAL PNEUMONIA",04-15-82
066-82,,GA,OGLETHORPE,ARNOLDVILLE,RACCOON,1982,1,F,AD,,CANINE DISTEMPER SUSPECTED,BASED ON HISTORY OF NEUROLOGIC SIGNS,04-16-82
105-82,,KY,TRIGG/LYON,LAND-BETWEEN-THE-LAKES YOUTH STATION,RACCOON,1982,1,F,AD,,CANINE DISTEMPER SUSPECTED,"NONSUPPURATIVE MENINGOENCEPHALITIS, PURULENT BRONCHOPNEUMONIA",04-21-82
097-82,,VA,SMYTH,,RACCOON,1982,1,M,SUBADULT,,CANINE DISTEMPER,BASED ON PRESENCE OF VIRAL INCLUSION BODIES,05/06/1982
104-82,,KY,TRIGG/LYON,LAND-BETWEEN-THE-LAKES RHODES HOLLOW,RACCOON,1982,1,M,AD,,CANINE DISTEMPER SUSPECTED,BASED ON HISTOLOGIC LESIONS OF BRONCHOPNEUMONIA,05-26-82
091-82,,GA,TALIAFERRO,CRAWFORDVILLE,RACCOON,1982,1,M,SUBADULT,,CANINE DISTEMPER,BASED ON PRESENCE OF VIRAL INCLUSION BODIES,06-15-82
110-82,,GA,ELBERT,,RACCOON,1982,1,M,SUBADULT,,CANINE DISTEMPER,BASED ON PRESENCE OF VIRAL INCLUSION BODIES,06-25-82
114-82,,GA,ELBERT,,RACCOON,1982,1,F,AD,,CANINE DISTEMPER SUSPECTED,NONSUPPURATIVE ENCEPHALITIS,06-29-82
116-82,,GA,CLARKE,CAMP KELLEY,RACCOON,1982,1,F,SUBADULT,,CANINE DISTEMPER,BASED ON PRESENCE OF VIRAL INCLUSION BODIES,06-30-82
124-82,,GA,MADISON,,RACCOON,1982,1,M,AD,,CANINE DISTEMPER,BASED ON PRESENCE OF VIRAL INCLUSION BODIES,07-13-82
146-82,,GA,JACKSON,CENTER,RACCOON,1982,1,M,AD,,CANINE DISTEMPER,BASED ON PRESENCE OF VIRAL INCLUSION BODIES,09/07/1982
152-82,,GA,MCDUFFIE,CLARKE HILL WMA,RACCOON,1982,1,F,AD,,CANINE DISTEMPER,BASED ON PRESENCE OF VIRAL INCLUSION BODIES,09-14-82
170-82,,GA,JACKSON,,GRAY FOX,1982,1,F,AD,,CANINE DISTEMPER,BASED ON PRESENCE OF VIRAL INCLUSION BODIES,10/10/1982
189-82,,WV,HANCOCK/BROOKE,,RACCOON,1982,1,F,IM,,CANINE DISTEMPER SUSPECTED,"PNEUMONIA, NONSUPPURATIVE ENCEPHALITIS",11/10/1982
190-82,,WV,HANCOCK/BROOKE,,RACCOON,1982,1,M,IM,,CANINE DISTEMPER SUSPECTED,NONSUPPURATIVE ENCEPHALITIS,11/10/1982
199-82,,GA,BANKS,,RACCOON,1982,1,M,IM,,CANINE DISTEMPER,BASED ON PRESENCE OF VIRAL INCLUSION BODIES,11-25-82
201-82,,GA,HABERSHAM,,RACCOON,1982,1,M,IM,,CANINE DISTEMPER,NONSUPPURATIVE ENCEPHALITIS,12/06/1982
202-82,,NC,CLEVELAND,LAWNDALE,RACCOON,1982,1,M,SUBADULT,,CANINE DISTEMPER,BASED ON FLUORESCENT ANTIBODY EXAMINATION,12/09/1982
002-83,,GA,JASPER,,RACCOON,1982,1,F,SUBADULT,,CANINE DISTEMPER,"BASED ON PRESENCE OF VIRAL INCLUSION BODIES, LEPTOSPIROSIS",12/10/1982
003-83,,GA,JASPER,,GRAY FOX,1982,1,M,SUBADULT,,CANINE DISTEMPER,BASED ON PRESENCE OF VIRAL INCLUSION BODIES,12/10/1982
203-82,,GA,MCINTOSH,SAPELO ISLAND,RACCOON,1982,1,M,AD,,CANINE DISTEMPER,BASED ON PRESENCE OR VIRAL INCLUSION BODIES,12/11/1982
009-83,,GA,WHITE,,GRAY FOX,1983,1,F,AD,,CANINE DISTEMPER,BASED ON PRESENCE OF VIRAL INCLUSION BODIES,01/09/1983
043-83,,GA,CARROLL,,GRAY WOLF,1983,1,F,SUBADULT,,CANINE DISTEMPER,BASED ON FLUORESCENT ANTIBODY EXAMINATION AND PRESENCE OF VIRAL INCLUSION BODIES,03/01/1983
050-83,,GA,CARROLL,,GRAY WOLF,1983,1,M,SUBADULT,,CANINE DISTEMPER,BASED ON FLUORESCENT ANTIBODY EXAMINATION AND PRESENCE OF VIRAL INCLUSION BODIES,03/03/1983
051-83,,GA,CARROLL,,GRAY WOLF,1983,1,M,SUBADULT,,CANINE DISTEMPER,BASED ON PRESENCE OF VIRAL INCLUSION BODIES,03/03/1983
053-83,,GA,WHITE,,GRAY FOX,1983,1,F,AD,,CANINE DISTEMPER,BASED ON PRESENCE OF VIRAL INCLUSION BODIES  SARCOSPORIDIASIS AND SPLENIC MYELOLIPOMAS,03/10/1983
054-83,,GA,RABUN,,RACCOON,1983,1,F,SUBADULT,,CANINE DISTEMPER,BASED ON PRESENCE OF VIRAL INCLUSION BODIES,03/10/1983
055-83,,SC,PICKENS,,GRAY FOX,1983,1,M,AD,,CANINE DISTEMPER,BASED ON FLUORESCENT ANTIBODY EXAMINATION AND PRESENCE OF VIRAL INCLUSION BODIES,03-14-83
057-83,,GA,GREENE,,RACCOON,1983,1,M,AD,,CANINE DISTEMPER,BASED ON FLUORESCENT ANTIBODY EXAMINATION AND PRESENCE OF VIRAL INCLUSION BODIES,03-19-83
058-83,,NC,NEW HANOVER,,RACCOON,1983,1,,,,CANINE DISTEMPER,"BASED ON PRESENCE OF VIRAL INCLUSION BODIES  EOSINOPHILIC ENTERITIS AND PULMONARY ARTERITIS, MEDIAL HYPERTROPHY, HYPERPLASIA, PARASITISM",03-20-83
072-83,,WV,WETZEL,NEW MARTINSVILLE,GRAY FOX,1983,1,,,,CANINE DISTEMPER,BASED ON PRESENCE OF VIRAL INCLUSION BODIES,03-28-83
073-83,,WV,MONONGALIA,WANNA,RACCOON,1983,1,,,,CANINE DISTEMPER,BASED ON PRESENCE OF VIRAL INCLUSION BODIES,03-28-83
075-83,,GA,LUMPKIN,,GRAY FOX,1983,1,F,AD,,CANINE DISTEMPER,BASED ON  PRESENCE OF VIRAL INCLUSION BODIES,03-29-83
100-83,,GA,WALKER,,GRAY FOX,1983,1,F,AD,,CANINE DISTEMPER,BASED ON LUNG AND BRAIN LESIONS,04/04/1983
082-83,,GA,MCINTOSH,SAPELO ISLAND,RACCOON,1983,1,M,AD,,CANINE DISTEMPER,BASED ON PRESENCE OF VIRAL INCLUSION BODIES,04/05/1983
102-83,,GA,WALKER,,GRAY FOX,1983,1,M,AD,,CANINE DISTEMPER,"NONSUPPURATIVE MENINGOENCEPHALITIS, MUCOPURULENT BRONCHOPNEUMONIA",04-13-83
081-83,,GA,GLYNN,SEA ISLAND,RACCOON,1983,1,F,AD,,CANINE DISTEMPER,BASED ON PRESENCE OF VIRAL INCLUSION BODIES,04-14-83
079-83,,GA,MADISON,ILA,RACCOON,1983,1,F,SUBADULT,,CANINE DISTEMPER,BASED ON GROSS LUNG LESIONS,04-19-83
080-83,,GA,WARREN,THOMSON DISTRICT,GRAY FOX,1983,1,F,AD,,CANINE DISTEMPER,BASED ON PRESENCE OF VIRAL INCLUSION BODIES,04-21-83
088-83,,GA,MADISON,BLACKSCREEK ROAD,RACCOON,1983,1,M,AD,,CHRONIC CANINE DISTEMPER,"BASED ON HISTOLOGIC FINDINGS, VERMINOUS PNEUMONIA",05/08/1983
089-83,,GA,HABERSHAM,IVY MOUNTAIN,RACCOON,1983,1,F,AD,,CHRONIC CANINE DISTEMPER,BASED ON HISTOLOGIC FINDINGS,05/11/1983
103-83,,GA,WALKER,CHICKAMAUGA,GRAY FOX,1983,1,F,AD,,CANINE DISTEMPER,"NONSUPPURATIVE ENCEPHALITIS, MUCOPURULENT BRONCHOPNEUMONIA  PULMONARY TREMATODIASIS",05-15-83
104-83,,GA,CHEROKEE,,RACCOON,1983,1,M,AD,,CANINE DISTEMPER,"BASED ON BRAIN LESIONS  CHRONIC PNEUMONIA, BACTERIAL INFECTION, PARASITIC GASTRITIS",05-29-83
093-83,,GA,COBB,MARIETTA,GRAY FOX,1983,1,M,IM,,CANINE DISTEMPER,BASED ON PRESENCE OF VIRAL INCLUSION BODIES  BACTERIAL PNEUMONIA,05-31-83
094-83,,GA,COBB,MARIETTA,GRAY FOX,1983,1,F,IM,,CANINE DISTEMPER,BASED ON PRESENCE OF VIRAL INCLUSION BODIES  BACTERIAL PNEUMONIA,05-31-83
111-83,,NC,ROWAN,SALISBURY,GRAY FOX,1983,1,F,IM,,CANINE DISTEMPER,BASED ON PRESENCE OF VIRAL INCLUSION BODIES  BACTERIAL PNEUMONIA,06-27-83
113-83,,GA,CLARKE,UGA VETERINARY FARM,GRAY FOX,1983,1,F,AD,,CANINE DISTEMPER SUSPECTED,,07/08/1983
115-83,,WV,WOOD,PARKERSBURG,RACCOON,1983,1,,,,CANINE DISTEMPER SUSPECTED,CHRONIC NONSUPPURATIVE MENINGITIS,07/11/1983
116-83,,WV,RANDOLPH,GEORGETOWN ROAD,RACCOON,1983,1,,,,CANINE DISTEMPER,BASED ON PRESENCE OF VIRAL INCLUSION BODIES,07/11/1983
117-83,,WV,WOOD,PARKERSBURG,RACCOON,1983,1,,,,CANINE DISTEMPER,BASED ON PRESENCE OF VIRAL INCLUSION BODIES,07/11/1983
143-83,,GA,RABUN,,RACCOON,1983,1,F,IM,,CANINE DISTEMPER,BASED ON PRESENCE OF VIRAL INCLUSION BODIES,09-22-83
145-83,,GA,MCDUFFIE,RAYSVILLE,RACCOON,1983,1,M,SUBADULT,,CANINE DISTEMPER,"BASED ON PRESENCE OF VIRAL INCLUSION BODIES, AND ON FLUORESCENT ANTIBODY EXAMINATION",09-30-83
148-83,,GA,WILKES,,GRAY FOX,1983,1,M,AD,,CANINE DISTEMPER,"BASED ON FLUORESCENT ANTIBODY EXAMINATION, TRAUMA",10-14-83
155-83,,GA,BRANTLEY,,GRAY FOX,1983,1,F,SUBADULT,,CANINE DISTEMPER,BASED ON FLUORESCENT ANTIBODY EXAMINATION,10-27-83
158-83,,GA,GREENE,GRESHAMVILLE,RACCOON,1983,1,F,AD,,CANINE DISTEMPER,BASED ON FLUORESCENT ANTIBODY EXAMINATION AND PRESENCE OF VIRAL INCLUSION BODIES,10-31-83
162-83,,GA,WALTON,,RACCOON,1983,1,F,IM,,CANINE DISTEMPER SUSPECTED,NONSUPPURATIVE MENINGOENCEPHALITIS,11/08/1983
163-83,,GA,WALTON,,RACCOON,1983,1,M,IM,,CANINE DISTEMPER,BASED ON FLUORESCENT ANTIBODY EXAMINATION,11/08/1983
189-83,,FL,GADSDEN,JOE BUDD WMA,RACCOON,1983,1,,,,CANINE DISTEMPER,MULTIFOCAL NECROTIZING MYOCARDITIS  BASED ON PRESENCE OF VIRAL INCLUSION BODIES,11-18-83
192-83,,GA,GWINNETT,STONE MOUNTAIN,RACCOON,1983,1,F,AD,,CANINE DISTEMPER,BASED ON PRESENCE OF VIRAL INCLUSION BODIES,12-17-83
196-83,,GA,CLARKE,TAMARACK DRIVE,RACCOON,1983,1,M,AD,,CANINE DISTEMPER,BASED ON PRESENCE OF VIRAL INCLUSION BODIES  NONSUPPURATIVE INTERSTITIAL NEPHITIS DUE TO LEPTOSPIROSIS,12-26-83
011-84,,GA,OCONEE,,RACCOON,1984,1,M,IM,,CANINE DISTEMPER,BASED ON PRESENCE OF VIRAL INCLUSION BODIES,01-15-84
014-84,,GA,LUMPKIN,,RACCOON,1984,1,F,AD,,CANINE DISTEMPER,BASED ON FLUORESCENT ANTIBODY EXAMINATION AND PRESENCE OF VIRAL INCLUSION BODIES,01-16-84
015-84,,GA,WAYNE,,GRAY FOX,1984,1,F,AD,,CANINE DISTEMPER,BASED ON FLUORESCENT ANTIBODY EXAMINATION AND PRESENCE OF VIRAL INCLUSION BODIES; CHOLANGIOHEPATITIS AND INTRAVASCULAR COAGULATION,01-16-84
021-84,,GA,BALDWIN,MILLEDGEVILLE,RACCOON,1984,1,M,AD,,CANINE DISTEMPER,BASED ON PRESENCE OF VIRAL INCLUSION BODIES,01-23-84
022-84,,GA,APPLING,,RACCOON,1984,1,F,SUBADULT,,CANINE DISTEMPER,"BASED ON PRESENCE OF VIRAL INCLUSION BODIES, AND BY FLUORESCENT ANTIBODY EXAMINATION",01-28-84
056-84,,GA,BRANTLEY,,GRAY FOX,1984,1,M,SUBADULT,,"CANINE DISTEMPER, TRAUMA BY DOG ATTACK",BASED ON PRESENCE OF VIRAL INCLUSION BODIES,01-28-84
039-84,,GA,TOWNS,,RACCOON,1984,1,F,SUBADULT,,CANINE DISTEMPER,BASED ON PRESENCE OF VIRAL INCLUSION BODIES,02-19-84
048-84,,FL,SANTA ROSA,,GRAY FOX,1984,1,M,AD,,CANINE DISTEMPER,BASED ON PRESENCE OF VIRAL INCLUSION BODIES,03/01/1984
049-84,,GA,JASPER,,GRAY FOX,1984,1,F,AD,,CANINE DISTEMPER,BASED ON PRESENCE OF VIRAL INCLUSION BODIES,03/03/1984
054-84,,TN,HARDEMAN,,RACCOON,1984,1,F,AD,,CANINE DISTEMPER,BASED ON PRESENCE OF VIRAL INCLUSION BODIES,03/04/1984
055-84,,GA,CLARKE,WHITEHALL,RACCOON,1984,1,F,SUBADULT,,CANINE DISTEMPER,BASED ON PRESENCE OF VIRAL INCLUSION BODIES,03/09/1984
067-84,,GA,WHITE,TRAY MOUNTAIN,RACCOON,1984,1,F,IM,,CANINE DISTEMPER SUSPECTED,BASED ON PRESENCE OF VIRAL INCLUSION BODIES,03-28-84
068-84,,MS,,,GRAY FOX,1984,1,F,2.5 YR,,"CANINE DISTEMPER, TOXOPLASMOSIS",BASED ON PRESENCE OF VIRAL INCLUSION BODIES,04/03/1984
069-84,,GA,HABERSHAM,ALTO,RACCOON,1984,1,F,AD,,CANINE DISTEMPER,BASED ON PRESENCE OF VIRAL INCLUSION BODIES,04-18-84
070-84,,GA,RABUN,,RACCOON,1984,1,M,AD,,CANINE DISTEMPER,BASED ON PRESENCE OF VIRAL INCLUSION BODIES AND DUE TO FLUORESCENT ANTIBODY EXAMINATION,04-18-84
076-84,,WV,OHIO,WHEELING,RACCOON,1984,1,F,AD,,CANINE DISTEMPER,BASED ON PRESENCE OF VIRAL INCLUSION BODIES,05/02/1984
105-84,,TN,HARDEMAN,,RACCOON,1984,1,M,SUBADULT,,CANINE DISTEMPER,BASED ON PRESENCE OF VIRAL INCLUSION BODIES,05/09/1984
091-84,,GA,HABERSHAM,,RACCOON,1984,1,F,AD,,CANINE DISTEMPER,BASED ON PRESENCE OF VIRAL INCLUSION BODIES,05-30-84
094-84,,VA,BEDFORD,VINTON,RACCOON,1984,1,M,AD,,CANINE DISTEMPER,BASED ON PRESENCE OF VIRAL INCLUSION BODIES,06/01/1984
093-84,,GA,LUMPKIN,CHESTATEE WMA,GRAY FOX,1984,1,M,SUBADULT,,"CANINE DISTEMPER, TOXOPLASMOSIS",BASED ON PRESENCE OF VIRAL INCLUSION BODIES,06/06/1984
092-84,,GA,HALL,LAKE LANIER ISLANDS PARK,RACCOON,1984,1,F,SUBADULT,,CANINE DISTEMPER,BASED ON PRESENCE OF VIRAL INCLUSION BODIES,06/07/1984
143-84,,SC,GREENWOOD,,RACCOON,1984,1,F,AD,,CANINE DISTEMPER,,11/08/1984
143-85,,SC,GREENWOOD,,RACCOON,1984,1,F,AD,,CANINE DISTEMPER,BASED ON PRESENCE OF VIRAL INCLUSION BODIES,11/08/1984
081-84,,TN,DEKALB,,RACCOON,1984,1,F,SUBADULT,,CANINE DISTEMPER,BASED ON PRESENCE OF VIRAL INCLUSION BODIES,05-14-85
009-85,,MS,YAZOO,PANTHER SWAMP NATL. WILDL. REFUGE,RACCOON,1985,1,M,AD,,"NONSUPPURATIVE MENINGOENCEPHALITIS, CANINE DISTEMPER SUSPECTED",DERMAL DERMATOPHILOSIS,01/10/1985
013-85,,GA,GWINNETT,,RACCOON,1985,1,M,AD,,CANINE DISTEMPER,BASED ON PRESENCE OF VIRAL INCLUSION BODIES,02/03/1985
016-85,,NC,FORSYTH,,RACCOON,1985,1,M,SUBADULT,,CANINE DISTEMPER,"TRAUMA, DROWNING, BASED ON PRESENCE OF VIRAL INCLUSION BODIES",02/06/1985
024-85,,GA,OGLETHORPE,SMITHSONIA ROAD,RACCOON,1985,1,F,AD,,CANINE DISTEMPER,BASED ON PRESENCE OF VIRAL INCLUSION BODIES,02-16-85
035-85,,GA,LUMPKIN,RANGER CAMP,GRAY FOX,1985,1,M,AD,,CANINE DISTEMPER,BASED ON PRESENCE OF VIRAL INCLUSION BODIES,02-18-85
039-85,,GA,HALL,GILLSVILLE COMMUNITY,GRAY FOX,1985,1,F,AD,,CANINE DISTEMPER,BASED ON PRESENCE OF VIRAL INCLUSION BODIES,02-24-85
064-85,,GA,FLOYD,,GRAY FOX,1985,1,F,AD,,"CANINE DISTEMPER, TOXOPLASMOSIS",BASED ON PRESENCE OF VIRAL INCLUSION BODIES,03-28-85
080-85,,GA,CHEROKEE,REINHARDT COLLEGE,GRAY FOX,1985,1,F,AD,,CANINE DISTEMPER,BASED ON PRESENCE OF VIRAL INCLUSION BODIES,03-29-85
078-85,,GA,WALKER,,GRAY FOX,1985,1,F,AD,,CANINE DISTEMPER,BASED ON PRESENCE OF VIRAL INCLUSION BODIES,04-14-85
082-85,,GA,OCONEE,,GRAY FOX,1985,1,F,AD,,CANINE DISTEMPER,BASED ON PRESENCE OF VIRAL INCLUSION BODIES,05-21-85
088-85,,GA,NEWTON,,RACCOON,1985,1,M,AD,,CANINE DISTEMPER,BASED ON PRESENCE OF VIRAL INCLUSION BODIES,06-19-85
081-85,,GA,FLOYD,BERRY COLLEGE,RACCOON,1985,1,M,SUBADULT,,CANINE DISTEMPER,BASED ON PRESENCE OF VIRAL INCLUSION BODIES,06-24-85
136-85,,GA,MORGAN,GODFREY,COYOTE,1985,1,F,IM,,CANINE DISTEMPER,BASED ON PRESENCE OF VIRAL INCLUSION BODIES,10/09/1985
017-86,,GA,BRANTLEY,,GRAY FOX,1985,1,F,IM,,"CANINE DISTEMPER, TOXOPLASMOSIS",ENCEPHALITIS,10-22-85
009-86,,GA,DOUGHERTY,MARINE BASE,RACCOON,1985,1,M,IM,,CANINE DISTEMPER,BASED ON FLUORESCENT ANTIBODY EXAMINATION,12/10/1985
003-86,,GA,ROCKDALE,CHASTINE GOODEN PROPERTY,RACCOON,1986,1,M,IM,,CANINE DISTEMPER,BASED ON PRESENCE OF VIRAL INCLUSION BODIES,01/01/1986
047-86,,KS,LYON,BADGER CREEK,RACCOON,1986,1,F,AD,,CANINE DISTEMPER SUSPECTED,HYPOTHERMIA/DROWNING CAUSE OF DEATH,01-15-86
015-86,,GA,HENRY,STOCKBRIDGE,RACCOON,1986,1,M,IM,,CANINE DISTEMPER,"BASED ON PRESENCE OF VIRAL INCLUSION BODIES, TOXOPLASMOSIS",01-22-86
046-86,,KS,LYON,BADGER CREEK,RACCOON,1986,1,F,AD,,CANINE DISTEMPER,BASED ON PRESENCE OF VIRAL INCLUSION BODIES,01-23-86
035-86,,GA,WILCOX,OCMULGEE RIVER,RACCOON,1986,1,M,IM,,CANINE DISTEMPER,BASED ON PRESENCE OF VIRAL INCLUSION BODIES,03/07/1986
036-86,,GA,WILCOX,OCMULGEE RIVER,RACCOON,1986,1,M,AD,,CANINE DISTEMPER,BASED ON PRESENCE OF VIRAL INCLUSION BODIES,03/07/1986
037-86,,GA,PULASKI,OCMULGEE RIVER,RACCOON,1986,1,F,IM,,CANINE DISTEMPER SUSPECTED,"SEVERE  BRONCHOPNEUMONIA, SUBCLINICAL PULMONARY PARASITISM",03/07/1986
049-86,,GA,BROOKS,TALLOKAS PLANTATION,RACCOON,1986,1,M,AD,,CANINE DISTEMPER SUSPECTED,BASED ON EXUDATE AROUND NOSTRILS AND EYES,04/05/1986
044-86,,KS,COFFEY,FLINT HILLS NATL. WILDL. REFUGE,RACCOON,1986,1,F,AD,,CANINE DISTEMPER,BASED ON FLUORESCENT ANTIBODY EXAMINATION AND PRESENCE OF VIRAL INCLUSION BODIES,04/09/1986
062-86,,GA,WALTON,CAMPTON GRATIS ROAD,GRAY FOX,1986,1,F,4-5 WK,,CANINE DISTEMPER,BASED ON FLUORESCENT ANTIBODY EXAMINATION,05/10/1986
062-86,,GA,WALTON,CAMPTON GRATIS ROAD,GRAY FOX,1986,1,M,4-5 WK,,CANINE DISTEMPER,BASED ON FLUORESCENT ANTIBODY EXAMINATION,05/10/1986
074-86,,GA,DEKALB,LITHONIA,RACCOON,1986,1,F,IM,,CANINE DISTEMPER,BASED ON PRESENCE OF VIRAL INCLUSION BODIES,06-19-86
088-86,,GA,MADISON,COMER,RACCOON,1986,1,M,AD,,CANINE DISTEMPER,BASED ON PRESENCE OF VIRAL INCLUSION BODIES,07-26-86
103-86,,GA,MCINTOSH,HARRIS NECK NATL. WILDL. REFUGE,RACCOON,1986,1,F,AD,,CANINE DISTEMPER,,08-31-86
114-86,,GA,BRYAN,FORT MCALLISTER HISTORIC PARK,RACCOON,1986,1,F,SUBADULT,,CANINE DISTEMPER,BASED ON PRESENCE OF VIRAL INCLUSION BODIES,10-21-86
115-86,,GA,BRYAN,FORT MCALLISTER HISTORIC PARK,RACCOON,1986,1,F,SUBADULT,,CANINE DISTEMPER,BASED ON PRESENCE OF VIRAL INCLUSION BODIES,10-21-86
120-86,,GA,CATOOSA,SUMMERVILLE,RACCOON,1986,1,F,AD,,CANINE DISTEMPER,BASED ON PRESENCE OF VIRAL INCLUSION BODIES,11/05/1986
127-86,,GA,NEWTON,ALMON,RACCOON,1986,1,F,IM,,CANINE DISTEMPER,BASED ON PRESENCE OF VIRAL INCLUSION BODIES,11-13-86
132-86,,GA,LONG,NEAR LUDOWICI HIGHWAY 29,GRAY FOX,1986,1,F,IM,,CANINE DISTEMPER,BASED ON CONJUNCTIVAL SWABS AND PRESENCE OF VIRAL INCLUSION BODIES,11-19-86
004-88,,GA,FLOYD,ROME,RACCOON,1986,1,F,SUBADULT,,CANINE DISTEMPER,,11-30-86
142-86,,GA,OCONEE,P.E. THOMAS FARM,GRAY FOX,1986,1,M,AD,,CANINE DISTEMPER,BASED ON PRESENCE OF VIRAL INCLUSION BODIES,12-16-86
144-86,,GA,NEWTON,,RACCOON,1986,1,F,IM,,CANINE DISTEMPER,BASED ON PRESENCE OF VIRAL INCLUSION BODES,12-26-86
145-86,,GA,OGLETHORPE,,GRAY FOX,1986,1,F,AD,,"CANINE DISTEMPER, HEPATITIS",BASED ON PRESENCE OF VIRAL INCLUSION BODIES,12-27-86
001-87,,TN,DEKALB,,RACCOON,1987,1,F,AD,,CANINE DISTEMPER,BASED ON FLUORESCENT ANTIBODY EXAMINATION,01/04/1987
018-87,,MD,ALLEGANY,CUMBERLAND,GRAY FOX,1987,1,,,,CANINE DISTEMPER,BASED ON PRESENCE OF VIRAL INCLUSION BODIES,01-16-87
015-87,,GA,NEWTON,"HIGHWAY 36, COVINGTON",RACCOON,1987,1,M,AD,,CANINE DISTEMPER,BASED ON VIRAL INCLUSION BODIES,01-21-87
025-87,,GA,NEWTON,ELLINGTON ROAD,RACCOON,1987,1,M,AD,,CANINE DISTEMPER,"BASED ON VIRAL INCLUSION BODIES, TRAUMA",01-30-87
038-87,,GA,BARTOW,75 RV PARK NEAR CARTERSVILLE,GRAY FOX,1987,1,F,AD,,CANINE DISTEMPER,BASED ON VIRAL INCLUSION BODIES,03/11/1987
044-87,,GA,OGLETHORPE,"FORBES STORE, ROUTE 77",GRAY FOX,1987,1,M,SUB-AD,,CANINE DISTEMPER,"BASED ON PRESENCE OF VIRAL INCLUSION BODIES, TOXOPLASMOSIS",03-19-87
049-87,,GA,CHATTOOGA,LYERLY,GRAY FOX,1987,1,M,AD,,CANINE DISTEMPER,BASED ON VIRAL INCLUSION BODIES,03-20-87
048-87,,GA,CHATTOOGA,BILL WORSHAM PROPERTY,RACCOON,1987,1,M,SUBADULT,,CANINE DISTEMPER,"BRONCHOPNEUMONIA, BASED ON VIRAL INCLUSION BODIES",04/01/1987
050-87,,GA,GORDON,,GRAY FOX,1987,1,F,AD,,CANINE DISTEMPER,BASED ON VIRAL INCLUSION BODIES,04/01/1987
063-87,,VA,GOOCHLAND,DEEP RUN HUNT CLUB,GRAY FOX,1987,1,F,AD,,CANINE DISTEMPER,BASED ON CHARACTERISTIC LUNG LESIONS,04-22-87
064-87,,WV,LEWIS,,GRAY FOX,1987,1,F,AD,,CANINE DISTEMPER,BASED ON PRESENCE OF VIRAL INCLUSION BODIES,04-22-87
066-87,,GA,RABUN,SEED LAKE,GRAY FOX,1987,1,F,AD,,CANINE DISTEMPER,BASED ON PRESENCE OF VIRAL INCLUSION BODIES,05/04/1987
067-87,,SC,RICHLAND,CONGAREE NATL. MONUMENT,RACCOON,1987,1,M,AD,,CANINE DISTEMPER,BASED ON PRESENCE OF VIRAL INCLUSION BODIES,05/06/1987
073-87,,GA,JACKSON,"HIGHWAY 330, SOUTH OF OCONEE RIVER",RACCOON,1987,1,M,AD,,CANINE DISTEMPER,BASED ON VIRAL INCLUSION BODIES,05-19-87
083-87,,GA,CHATHAM,OSSABAW ISLAND,RACCOON,1987,1,M,AD,,CANINE DISTEMPER,BASED ON VIRAL INCLUSION BODIES,06/08/1987
081-87,,GA,CHATHAM,OSSABAW ISLAND,RACCOON,1987,1,,,,CANINE DISTEMPER,,06/09/1987
082-87,,GA,CHATHAM,OSSABAW ISLAND,RACCOON,1987,1,,,,CANINE DISTEMPER SUSPECTED,,06/09/1987
084-87,,GA,CLARKE,,RED FOX,1987,1,M,AD,,CANINE DISTEMPER SUSPECTED,,06/09/1987
091-87,,GA,OGLETHORPE,OGLETHORPE LAKE,RACCOON,1987,1,F,AD,,CANINE DISTEMPER,BASED ON VIRAL INCLUSION BODIES,06/11/1987
092-87,,SC,OCONEE,WHITEWATER FALLS,RACCOON,1987,1,F,SUBADULT,,CANINE DISTEMPER,BASED ON VIRAL INCLUSION BODIES,06-15-87
093-87,,GA,CHATHAM,OSSABAW ISLAND,RACCOON,1987,1,F,AD,,CANINE DISTEMPER,"INTERSTITIAL PNEUMONIA, NONSUPPURATIVE ENCEPHALITIS, BASED ON VIRAL INCLUSION BODIES",06-16-87
097-87,,GA,CHATHAM,OSSABAW ISLAND,RACCOON,1987,1,M,IM,,CANINE DISTEMPER,"PNEUMONIA, BASED ON HISTOLOGIC FINDINGS",06-20-87
096-87,,GA,CHATHAM,OSSABAW ISLAND,RACCOON,1987,1,,,,CANINE DISTEMPER,BASED ON PRESENCE OF VIRAL INCLUSION BODIES,06-22-87
105-87,,GA,MADISON,PAOLI,GRAY FOX,1987,1,F,IM,,CANINE DISTEMPER,BASED ON FLUORESCENT ANTIBODY EXAMINATION,06-28-87
114-87,,GA,CLARKE,CLARKE WOODS ROAD,RACCOON,1987,1,M,AD,,CANINE DISTEMPER,BASED ON VIRAL INCLUSION BODIES,07/02/1987
115-87,,GA,CLARKE,LANGFORD ROAD AND JIMMY DANIELS ROAD,GRAY FOX,1987,1,M,AD,,CANINE DISTEMPER,BASED ON FLUORESCENT ANTIBODY EXAMINATION,07-13-87
119-87,,GA,WALTON,,GRAY FOX,1987,1,M,SUBADULT,,CANINE DISTEMPER,BASED ON FLUORESCENT ANTIBODY TEST,07-31-87
128-87,,GA,OGLETHORPE,SANDY CROSS COMMUNITY,RACCOON,1987,1,F,AD,,"RABIES, POSSIBLY CANINE DISTEMPER",BASED ON FLUORESCENT ANTIBODY EXAMINATION FOR DISTEMPER,08-14-87
145-87,,GA,FLOYD,ROME,GRAY FOX,1987,1,F,AD,,CANINE DISTEMPER,BASED ON PRESENCE OF VIRAL INCLUSION BODIES,09/01/1987
157-87,,GA,OCONEE,1300 WILLUSHER ROAD,RACCOON,1987,1,M,AD,,CANINE DISTEMPER,BASED ON FLUORESCENT ANTIBODY TEST,10-22-87
158-87,,GA,FULTON,MEDLOCK BRIDGE SUBDIVISION,GRAY FOX,1987,1,F,AD,,CANINE DISTEMPER,"BASED ON PRESENCE OF VIRAL INCLUSION BODIES, INTERSTITIAL PNEUMONIA",10-22-87
159-87,,TN,JACKSON,GAINESBORO,RACCOON,1987,1,M,AD,,"CANINE DISTEMPER, TOXOPLASMOSIS",BASED ON POSITIVE FLUORESCENT ANTIBODY EXAMINATION,10-23-87
163-87,,GA,CLARKE,ATHENS,RACCOON,1987,1,F,AD,,CANINE DISTEMPER,BASED ON FLUORESCENT ANTIBODY EXAMINATION,10-30-87
164-87,,GA,OCONEE,ATHENS,RACCOON,1987,1,F,IM,,"RABIES, CANINE DISTEMPER",BASED ON PRESENCE OF VIRAL INCLUSION BODIES,10-30-87
175-87,,GA,GWINNETT,SNELLVILLE,RACCOON,1987,1,F,AD,,CANINE DISTEMPER,BASED ON FLUORESCENT ANTIBODY EXAMINATION,11-13-87
176-87,,GA,CLARKE,,GRAY FOX,1987,1,F,AD,,CANINE DISTEMPER,MULTIFOCAL BRONCHOPNEUMONIA  BASED ON FLUORESCENT ANTIBODY EXAMINATION AND PRESENCE OF VIRAL INCLUSION BODIES,11-16-87
181-87,,GA,CLARKE,,RACCOON,1987,1,F,,,CANINE DISTEMPER,BASED ON PRESENCE OF VIRAL INCLUSION BODIES,11-19-87
182-87,,TN,SCOTT,,RACCOON,1987,1,M,AD,,CANINE DISTEMPER,BASED ON PRESENCE OF VIRAL INCLUSION BODIES,11-23-87
187-87,,GA,ELBERT,ROCK BRANCH,GRAY FOX,1987,1,M,IM,,CANINE DISTEMPER,BASED ON PRESENCE OF VIRAL INCLUSION BODIES  SUSPECT TRAUMA DUE TO POINT BLANK B.B. SHOT,12/10/1987
003-88,,GA,FLOYD,BERRY COLLEGE,RACCOON,1987,1,M,SUBADULT,,CANINE DISTEMPER SUSPECTED,,12-15-87
191-87,,GA,UNION,NEALS GAP,RACCOON,1987,1,F,IM,,CANINE DISTEMPER,BASED ON FLUORESCENT ANTIBODY EXAMINATION AND PRESENCE OF VIRAL INCLUSION BODIES,12-16-87
192-87,,GA,CAMDEN,CUMBERLAND ISLAND NATL. SEASHORE,RACCOON,1987,1,F,AD,,CANINE DISTEMPER,BASED ON FLUORESCENT ANTIBODY EXAMINATION AND PRESENCE OF VIRAL INCLUSION BODIES,12-16-87
193-87,,GA,CAMDEN,CUMBERLAND ISLAND NATL. SEASHORE,RACCOON,1987,1,F,AD,,CANINE DISTEMPER,BASED ON PRESENCE OF VIRAL INCLUSION BODIES,12-16-87
012-88,,VA,FAIRFAX,HUNTLEY MEADOWS PARK,RACCOON,1988,1,M,AD,,CANINE DISTEMPER,,01-22-88
014-88,,GA,DOUGHERTY,ALBANY,RACCOON,1988,1,M,AD,,CANINE DISTEMPER,,01-28-88
062-88,,SC,GEORGETOWN,CAT ISLAND,GRAY FOX,1988,1,M,AD,,CANINE DISTEMPER,TRAUMATIC INJURY,02/01/1988
018-88,,GA,OGLETHORPE,COMER,RACCOON,1988,1,M,AD,,"RABIES, CANINE DISTEMPER",,02/04/1988
019-88,,GA,NEWTON,MORGAN ROAD,RACCOON,1988,1,F,SUBADULT,,CANINE DISTEMPER,,02/05/1988
030-88,,WV,WOOD,BLENNERHASSET ISLAND,RACCOON,1988,1,F,IM,,CANINE DISTEMPER,TISSUES ONLY,02/10/1988
027-88,,GA,WHITE,SHOAL CREEK COMMUNTITY,GRAY FOX,1988,1,F,AD,,CANINE DISTEMPER,,02-24-88
031-88,,GA,EFFINGHAM,,GRAY FOX,1988,1,M,AD,,CANINE DISTEMPER,CHRONIC TRAUMATIC LESIONS,02-29-88
061-88,,SC,GEORGETOWN,MURPHY ISLAND,RACCOON,1988,1,M,3 YR,,CANINE DISTEMPER,,03/07/1988
058-88,,GA,BRYAN,RICHMOND HILL,RACCOON,1988,1,F,AD,,CANINE DISTEMPER,,03/08/1988
059-88,,GA,ELBERT,ROCKBRANCH,GRAY FOX,1988,1,M,AD,,CANINE DISTEMPER,,03/09/1988
069-88,,SC,GEORGETOWN,SOUTH ISLAND,RACCOON,1988,1,M,SUB ADULT,,CANINE DISTEMPER,,03-15-88
064-88,,GA,CHATHAM,OSSABAW ISLAND,RACCOON,1988,1,M,SUBADULT,,"CANINE DISTEMPER, PYELONEPHRITIS",,03-16-88
065-88,,GA,MORGAN,MADISON,RACCOON,1988,1,M,AD,,"RABIES, CANINE DISTEMPER",,03-17-88
070-88,,SC,GEORGETOWN,SOUTH ISLAND -- NORTH END,RACCOON,1988,1,F,AD,,CANINE DISTEMPER,,03-17-88
071-88,,SC,GEORGETOWN,SOUTH ISLAND -- NORTH END,RACCOON,1988,1,F,,,CANINE DISTEMPER,,03-17-88
066-88,,GA,EFFINGHAM,SPRINGFIELD,RACCOON,1988,1,M,AD,,CANINE DISTEMPER,,03-24-88
076-88,,GA,WHITE,DUKE'S CREEK FARM,GRAY FOX,1988,1,F,AD,,CANINE DISTEMPER,,03-26-88
067-88,,GA,CLARKE,OLD LEXINGTON ROAD,RACCOON,1988,1,F,AD,,CANINE DISTEMPER,,03-27-88
083-88,,GA,BRYAN,,RACCOON,1988,1,F,AD,,SUSPECT CANINE DISTEMPER,,03-28-88
082-88,,GA,GLYNN,,RACCOON,1988,1,M,AD,,CANINE DISTEMPER,FOCAL HEPATIC NECROSIS OF UNDETERMINED ETIOLOGY,03-31-88
084-88,,VA,ACCOMACK,,GRAY FOX,1988,1,,,,CANINE DISTEMPER,TISSUES ONLY,04/04/1988
116-88,,TN,LAKE,REELFOOT LAKE,RACCOON,1988,1,M,AD,,CANINE DISTEMPER,VERMINOUS PNEUMONIA,04/04/1988
117-88,,TN,CROCKETT,,RACCOON,1988,1,M,IM,,CANINE DISTEMPER,BRONCHOPNEUMONIA,04/04/1988
126-88,,GA,GLYNN,SAINT SIMONS ISLAND,RACCOON,1988,1,F,AD,,CANINE DISTEMPER,,04/04/1988
127-88,,GA,GLYNN,SAINT SIMONS ISLAND,RACCOON,1988,1,F,AD,,CANINE DISTEMPER,,04/04/1988
086-88,,GA,COLUMBIA,MARTINEZ,GRAY FOX,1988,1,F,AD,,"CANINE DISTEMPER, TOXOPLASMOSIS",,04/08/1988
087-88,,VA,HENRICO,,RACCOON,1988,1,M,AD,,CANINE DISTEMPER,,04/12/1988
088-88,,VA,HENRICO,,RACCOON,1988,1,F,AD,,CANINE DISTEMPER,,04/12/1988
089-88,,VA,HENRICO,,RACCOON,1988,1,M,SUBADULT,,CANINE DISTEMPER,,04/12/1988
095-88,,GA,GLYNN,SAINT SIMONS ISLAND,RACCOON,1988,1,M,AD,,CANINE DISTEMPER SUSPECTED,,04-13-88
112-88,,WV,MASON,MASON GRADE SCHOOL,GRAY FOX,1988,1,F,AD,,CANINE DISTEMPER,,04-13-88
092-88,,GA,CLARKE,ATHENS,RACCOON,1988,1,M,AD,,"RABIES, POSSIBLY CANINE DISTEMPER ALSO",,04-14-88
133-88,,GA,GLYNN,SAINT SIMONS ISLAND,RACCOON,1988,1,M,AD,,CANINE DISTEMPER,,04-14-88
099-88,,SC,GEORGETOWN,CAT ISLAND,RACCOON,1988,1,M,IM,,CANINE DISTEMPER,,04-15-88
093-88,,GA,GLYNN,SEA ISLAND,RACCOON,1988,1,M,IM,,CANINE DISTEMPER,,04-18-88
131-88,,GA,GLYNN,SEA ISLAND,RACCOON,1988,1,F,AD,,CANINE DISTEMPER,,04-18-88
097-88,,GA,CHATHAM,OSSABAW ISLAND,RACCOON,1988,1,M,AD,,CANINE DISTEMPER,,04-22-88
143-88,,GA,GLYNN,,RACCOON,1988,1,M,AD,,"CANINE DISTEMPER, RABIES ALSO POSSIBLE",,04-26-88
098-88,,GA,MORGAN,3 MILES WEST OF MADISON,RACCOON,1988,1,M,AD,,CANINE DISTEMPER,,04-27-88
100-88,,GA,HABERSHAM,CLARKESVILLE/DEMOREST,RACCOON,1988,1,M,AD,,CANINE DISTEMPER,,04-27-88
113-88,,WV,MASON,MASON GRADE SCHOOL,GRAY FOX,1988,1,F,AD,,CANINE DISTEMPER,,04-27-88
142-88,,GA,GLYNN,SEA ISLAND,RACCOON,1988,1,M,AD,,CANINE DISTEMPER,,05/06/1988
124-88,,GA,GLYNN,SEA ISLAND,RACCOON,1988,1,F,AD,,CANINE DISTEMPER,,05-16-88
140-88,,GA,GLYNN,,RACCOON,1988,1,M,AD,,CANINE DISTEMPER BASED ON HISTOLOGIC LUNG LESIONS,,05-16-88
145-88,,GA,GLYNN,SEA ISLAND,RACCOON,1988,1,F,AD,,CANINE DISTEMPER,,05-16-88
146-88,,GA,GLYNN,SAINT SIMONS ISLAND,RACCOON,1988,1,F,AD,,CANINE DISTEMPER,,05-16-88
135-88,,GA,HABERSHAM,DEMOREST,RACCOON,1988,1,F,AD,,CANINE DISTEMPER,,05-27-88
137-88,,GA,MADISON,SHILOH COMMUNITIY,GRAY FOX,1988,1,F,AD,,CANINE DISTEMPER BASED ON PULMONARY HISTOPHATHOLOGY,"LYMPHOPLASMACYTIC HEPATITIS AND PERICHOLANGITIS, LYMPHOPLASMACYTIC PYELONEPHRITIS",06/01/1988
138-88,,GA,LUMPKIN,HIGHWAY 52 AT CHESTATEE RIVER BRIDGE,RACCOON,1988,1,F,AD,,CANINE DISTEMPER,LYMPHOPLASMACYTIC TUBULOINTERSTITIAL NEPHRITIS AND MULTIFOCAL LYMPHOPLASMACYTIC HEPATITIS OF UNDETERMINED ETIOLOGY,06/02/1988
139-88,,GA,PUTNAM,EATONTON,RACCOON,1988,1,M,AD,,CANINE DISTEMPER,,06/09/1988
144-88,,GA,RABUN,TAHOE ROAD -- GOLF COURSE,GRAY FOX,1988,1,M,AD,,CANINE DISTEMPER,BRONCHOPNEUMONIA,06/10/1988
149-88,,GA,PUTNAM,EATONTON,RACCOON,1988,1,M,IM,,CANINE DISTEMPER,,06-15-88
151-88,,GA,BANKS,,RACCOON,1988,1,,AD,,CANINE DISTEMPER,,06-20-88
156-88,,GA,MADISON,CARLTON,RACCOON,1988,1,F,AD,,"RABIES, CANINE DISTEMPER",,06-21-88
157-88,,SC,GEORGETOWN,SOUTH ISLAND,RACCOON,1988,1,F,IM,,CANINE DISTEMPER,,06-21-88
162-88,,GA,WHITE,HELEN,RED FOX,1988,1,M,IM,,CANINE DISTEMPER,TOXOPLASMOSIS,06-25-88
165-88,,GA,MORGAN,BUCKHEAD,RACCOON,1988,1,M,AD,,CANINE DISTEMPER,,06-28-88
167-88,,GA,LIBERTY,,RACCOON,1988,1,F,AD,,CANINE DISTEMPER,,07/07/1988
168-88,,GA,GLYNN,SAINT SIMONS ISLAND,RACCOON,1988,1,M,IM,,CANINE DISTEMPER,,07/07/1988
180-88,,GA,GLYNN,,RACCOON,1988,1,M,AD,,CANINE DISTEMPER,,07-16-88
179-88,,GA,GLYNN,"513 PLANTATION ROAD, BRUNSWICK",RACCOON,1988,1,F,AD,,CANINE DISTEMPER,,07-23-88
177-88,,GA,WHITE,,GRAY FOX,1988,1,M,AD,,CANINE DISTEMPER,BASED ON POSITIVE FLUORESCENT ANTIBODY TEST AND LUNG LESIONS,07-24-88
183-88,,GA,GWINNETT,"ROSWELL ROAD, SANDY SPRINGS",RACCOON,1988,1,M,IM,,CANINE DISTEMPER,,07-29-88
199-88,,GA,GLYNN,NORTHSIDE CHURCH,RACCOON,1988,1,M,IM,,CANINE DISTEMPER,,08/02/1988
186-88,,GA,OCONEE,HICKORY HILL SUBDIVISION,STRIPED SKUNK,1988,1,F,IM,,CANINE DISTEMPER,BASED ON PULMONARY AND BRAIN LESIONS,08/03/1988
187-88,,GA,WHITE,,GRAY FOX,1988,1,F,AD,,CANINE DISTEMPER,BASED ON FLUORESCENT ANTIBODY EXAMINATION,08/03/1988
194-88,,GA,GLYNN,SAINT SIMONS,RACCOON,1988,1,M,IM,,CANINE DISTEMPER,BASED ON PULMONARY AND BRAIN LESIONS,08-13-88
196-88,,GA,GLYNN,RIVERSIDE DRIVE,RACCOON,1988,1,M,AD,,CANINE DISTEMPER,,08-14-88
198-88,,GA,GLYNN,KELVIN GROVE,RACCOON,1988,1,F,AD,,CANINE DISTEMPER,,08-15-88
197-88,,GA,GLYNN,FLETEC,RACCOON,1988,1,F,IM,,CANINE DISTEMPER,BASED ON FLUORESCENT ANTIBODY EXAMINATION,08-16-88
195-88,,GA,GLYNN,THORAHILL DRIVE,RACCOON,1988,1,F,IM,,CANINE DISTEMPER,,08-17-88
219-88,,GA,GLYNN,BRUNSWICK,RACCOON,1988,1,M,AD,,CANINE DISTEMPER,BASED ON FLUORESCENT ANTIBODY EXAMINATION,08-25-88
234-88,,GA,RABUN,,RACCOON,1988,1,M,IM,,CANINE DISTEMPER,BASED ON VIRAL INCLUSION BODIES,08-30-88
220-88,,GA,GLYNN,,GRAY FOX,1988,1,F,IM,,CANINE DISTEMPER,,09/07/1988
221-88,,GA,GLYNN,BRUNSWICK,RACCOON,1988,1,F,AD,,CANINE DISTEMPER,BASED ON VIRAL INCLUSIONS,09/07/1988
222-88,,GA,GLYNN,BRUNSWICK,RACCOON,1988,1,M,AD,,CANINE DISTEMPER,BASED ON VIRAL INCLUSIONS,09/07/1988
223-88,,GA,GLYNN,CEBAR POINT ROAD,RACCOON,1988,1,M,AD,,CANINE DISTEMPER,BASED ON VIRAL INCLUSION BODIES,09/07/1988
249-88,,GA,WHITE,DUKE CREEK- JOE FRANKLIN ROAD,GRAY FOX,1988,1,F,SUBADULT,,CANINE DISTEMPER,BASED ON VIRAL INCLUSION BODIES,10-18-88
261-88,,GA,WHITE,,RACCOON,1988,1,F,SUBADULT,,CANINE DISTEMPER,BASED ON THE PRESENCE OF VIRAL INCLUSION BODIES,11/03/1988
275-88,,WV,MARION,FAIRMONT- 1/2 MILE FROM SHOPPING MALL,GRAY FOX,1988,1,F,AD,,CANINE DISTEMPER,TISSUES ONLY,11/03/1988
260-88,,GA,HABERSHAM,ALTO,RACCOON,1988,1,M,AD,,CANINE DISTEMPER,BASED ON FLUORESCENT ANTIBODY EXAMINATION,11/04/1988
262-88,,GA,STEPHENS,TON'S CREEK,GRAY FOX,1988,1,F,SUBADULT,,CANINE DISTEMPER,BASED ON FLUORESCENT ANTIBODY EXAMINATION,11/07/1988
276-88,,WV,RANDOLPH,CATHOLIC CONFERENCE CENTER NEAR HUTTONSVILLE,GRAY FOX,1988,1,F,AD,,CANINE DISTEMPER,BASED ON VIRAL INCLUSION BODIES,11-14-88
268-88,,NC,GRAHAM,,RACCOON,1988,1,F,AD,,CANINE DISTEMPER,,12-15-88
009-89,,SC,AIKEN,,GRAY FOX,1989,1,F,AD,,CANINE DISTEMPER,CAUSED BY VACCINATION WITH AN INAPPROPRIATE VACCINE,01-23-89
023-89,,GA,MORGAN,MADISON,RACCOON,1989,1,F,AD,,CANINE DISTEMPER SUSPECTED,,01-28-89
015-89,,GA,MORGAN,MADISON,GRAY FOX,1989,1,M,AD,,CANINE DISTEMPER,,01-29-89
024-89,,GA,HABERSHAM,CLARKESVILLE,RACCOON,1989,1,F,AD,,CANINE DISTEMPER,,01-31-89
025-89,,GA,MORGAN,MADISON,STRIPED SKUNK,1989,1,M,SUB-ADULT,,CANINE DISTEMPER SUSPECTED,DOG FIGHT TRAUMA,02/01/1989
038-89,,GA,LUMPKIN,TATE BRIDGE SECTION,GRAY FOX,1989,1,M,AD,,CANINE DISTEMPER,,02-25-89
042-89,,GA,GLYNN,BELL POINT,RACCOON,1989,1,F,AD,,CANINE DISTEMPER,,03/02/1989
043-89,,GA,GLYNN,BRUNSWICK,RACCOON,1989,1,M,AD,,CANINE DISTEMPER,PNEUMONIA,03/02/1989
065-89,,WV,MERCER,PRINCETON,RACCOON,1989,1,M,AD,,CANINE DISTEMPER,TISSUES ONLY,03/06/1989
047-89,,GA,WHITE,RED ROAD NEAR CLARMONT,RACCOON,1989,1,M,AD,,CANINE DISTEMPER,,03/08/1989
051-89,,TN,COFFEE,ARNOLD ENGINEERING DEVELOPMENT CENTER WMA,RACCOON,1989,1,M,IM,,"VIRAL PNEUMONIA, CANINE DISTEMPER",,03/10/1989
053-89,,GA,MADISON,MIRACLE YEARS OF LEARNING DAY CAR CENTER,STRIPED SKUNK,1989,1,M,IM,,CANINE DISTEMPER,"TOXOPLASMOSIS, SEPTICEMIA",03-16-89
056-89,,TN,GILES,,RACCOON,1989,1,M,SUBADULT,,CANINE DISTEMPER,,04/04/1989
060-89,,GA,WALTON,ALCOVY RIVER AND HIGHWAY 81,RACCOON,1989,1,F,AD,,CANINE DISTEMPER,,04-30-89
072-89,,TN,LAWRENCE,LAUREL HILL WMA,RACCOON,1989,1,M,AD,,CANINE DISTEMPER,,05/09/1989
076-89,,GA,LUMPKIN,DAHLONEGA,GRAY FOX,1989,1,F,AD,,CANINE DISTEMPER,,05-16-89
086-89,,GA,GREENE,GREENSBORO,RACCOON,1989,1,F,AD,,CANINE DISTEMPER,"NECROTIZING BACTERIAL PNEUMONIA, HEPATITIS",06/06/1989
100-89,,GA,GREENE,GREENSBORO,RACCOON,1989,1,F,IM,,CANINE DISTEMPER,LOCALIZED CUTANEOUS ABSCESSES ON LEGS,07-31-89
126-89,,GA,RABUN,MOCCASIN CREEK STATE PARK -- KASTNER'S CAMPGROUND,RACCOON,1989,1,M,AD,,CANINE DISTEMPER,,10/02/1989
131-89,,SC,LEXINGTON,.5 MILES FROM CONGAREE RIVER,RACCOON,1989,1,M,IM,,CANINE DISTEMPER,,10/06/1989
130-89,,SC,LEXINGTON,.5 MILES FROM CONGAREE RIVER,RACCOON,1989,1,F,IM,,CANINE DISTEMPER,,10/10/1989
137-89,,GA,LUMPKIN,DALHOVEYS,GRAY FOX,1989,1,F,AD,,CANINE DISTEMPER,,10-25-89
147-89,,NC,PAMLICO,CHERRY POINT NAVAL AIR STATION,GRAY FOX,1989,1,,,,CANINE DISTEMPER,CRYPTOSPORIDIOSIS,11/07/1989
148-89,,NC,PAMLICO,CHERRY POINT NAVAL AIR STATION,GRAY FOX,1989,1,,,,CANINE DISTEMPER,,11/07/1989
149-89,,NC,PAMLICO,CHERRY POINT NAVAL AIR STATION,GRAY FOX,1989,1,,,,CANINE DISTEMPER,,11/07/1989
152-89,,GA,LUMPKIN,ROCK HOUSE AND BARNEY FIELDS ROAD,GRAY FOX,1989,1,M,AD,,CANINE DISTEMPER,,11/09/1989
160-89,,NC,CRAVEN,CHERRY POINT MCAS,GRAY FOX,1989,1,F,IM,,CANINE DISTEMPER,CRYPTOSPORIDIOSIS,11-15-89
158-89,,GA,HALL,CRYSTAL FARMS,RACCOON,1989,1,M,IM,,CANINE DISTEMPER,,11-19-89
167-89,,NC,CRAVEN,CHERRY POINT MCAS,GRAY FOX,1989,1,M,,,CANINE DISTEMPER,,11-21-89
170-89,,NC,CRAVEN,CHERRY POINT MCAS,GRAY FOX,1989,1,M,,,CANINE DISTEMPER,,11-28-89
171-89,,NC,CRAVEN,CHERRY POINT MCAS,GRAY FOX,1989,1,M,,,CANINE DISTEMPER,CRYPTOSPORIDIOSIS,12/04/1989
044-89,,GA,GLYNN,,RACCOON,1989,1,F,AD,,CANINE DISTEMPER,,12-30-89
050-90,,NC,CRAVEN,CHERRY POINT MCAS,GRAY FOX,1990,1,F,N/A,,CANINE DISTEMPER,EOSINOPHILIC INTRANUCLEAR AND INTRACYTOPLASMIC VIRAL INCLUSION BODIES.,12-18-89
019-90,,SC,ANDERSON,,RACCOON,1990,1,M,AD,,CANINE DISTEMPER,POSITIVE FA FOR DISTEMPER.,01-26-90
047-90,,GA,GORDON,JOHNS MOUNTAIN WILDLIFE MANAGEMENT AREA,RACCOON,1990,1,M,AD,,CANINE DISTEMPER,EOSINOPHILIC INTRANUCLEAR AND INTRACYTOPLASMIC VIRAL INCLUSION BODIES IN EPITHELIAL CELLS OF SWEAT GLANDS IN NOSE AND MUCOSAL CELLS OF STOMACH.  NEGATIVE FA FOR CANINE DISTEMPER.,Feb-90
030-90,,GA,GORDON,HIDDEN CREEK RECREATIONAL AREA,RACCOON,1990,1,M,AD,,CANINE DISTEMPER,CONCURRENT TOXOPLASMOSIS  NEGATIVE FA FOR CANINE DISTEMPER.  DIAGNOSIS BASED ON EOSINOPHILIC INTRANUCLEAR AND INTRACYTOPLASMIC INCLUSION BODIES IN GLIAL CELLS AND NEURONS OF THE CEREBRUM.,02/12/1990
029-90,,GA,FORSYTH,,GRAY FOX,1990,1,F,AD,,CANINE DISTEMPER,NEGATIVE FA FOR CANINE DISTEMPER.  DIAGNOSIS BASED ON EOSINOPHILIC INTRANUCLEAR AND INTRACYTOPLASMIC INCLUSION BODIES IN EPITHELIAL CELLS OF THE BILE DUCTS AND MUCOSAL CELLS OF THE STOMACH.,02-21-90
039-90,,SC,RICHLAND,FORT JACKSON,GRAY FOX,1990,1,F,AD,,CANINE DISTEMPER SUSPECTED,DIAGNOSIS BASED ON HISTORY AND CHARACTERISTIC LUNG HISTOPATHOLOGY.  HEAD MISSING.,03/08/1990
042-90,,GA,FLOYD,ARMUCHEE,RACCOON,1990,1,M,AD,,CANINE DISTEMPER VIRUS,BASED ON EOSINOPHILIC INTRACYTOPLASMIC AND INTRANUCLEAR VIRAL INCLUSION BODIES IN GRANULAR LAYER OF CEREBELLUM.  NEGATIVE FA FOR CANINE DISTEMPER VIRUS.,03-22-90
043-90,,GA,FLOYD,ARMUCHEE,RACCOON,1990,1,F,AD,,CANINE DISTEMPER VIRUS,BASED ON EOSINOPHILIC INTRACYTOPLASMIC AND INTRANUCLEAR VIRAL INCLUSION BODIES IN BRONCHIOLAR EPITHELIAL CELLS OF LUNG AND PANCREATIC DUCT.  NEGATIVE FA FOR CANINE DISTEMPER VIRUS.,03-22-90
048-90,,GA,GORDON,,RACCOON,1990,1,F,AD,,CANINE DISTEMPER,EOSINOPHILIC INTRANUCLEAR AND INTRACYTOPLASMIC VIRAL INCLUSION BODIES IN NEURONS                                                               NEGATIVE FA FOR CANINE DISTEMPER.,04/05/1990
049-90,,GA,GORDON,,GRAY FOX,1990,1,F,AD,,CANINE DISTEMPER,EOSINOPHILIC INTRANUCLEAR AND INTRACYTOPLASMIC VIRAL INCLUSION BODIES IN CEREBRUM                                                              NEGATIVE FA FOR CANINE DISTEMPER.,04/05/1990
061-90,,GA,HALL,GAINESVILLE,RACCOON,1990,1,M,AD,,CANINE DISTEMPER,"DIAGNOSIS BASED ON EOSINOPHILIC INTRANUCLEAR INCLUSION BODIES IN GASTRIC MUCOSAL CELLS, NEURONS, AND GLIAL CELLS.",05/03/1990
072-90,,GA,GWINNETT,LOGANVILLE,GRAY FOX,1990,1,M,AD,,CANINE DISTEMPER,CONCURRENT TOXOPLASMOSIS  DIAGNOSIS OF CANINE DISTEMPER BASED ON EOSINOPHILIC INTRACYTOPLASMIC VIRAL INCLUSION BODIES IN NEURONS AND GLIAL CELLS.,06/03/1990
105-90,,GA,GORDON,,RACCOON,1990,1,F,AD,,PYOMETRA AND CANINE DISTEMPER,CANINE DISTEMPER DIAGNOSIS BASED ON A POSITIVE FA TEST AND PRESENCE OF EOSINOPHILIC INTRANUCLEAR INCLUSION BODIES IN NEURONS OF CEREBRUM.,Jul-90
106-90,,GA,FLOYD,,RACCOON,1990,1,M,AD,,CANINE DISTEMPER,POSITIVE FA FOR CANINE DISTEMPER AND PRESENCE OF EOSINOPHILIC HYALINE INCLUSION BODIES.,07/03/1990
104-90,,GA,GORDON,,COYOTE,1990,1,F,IM,,CANINE DISTEMPER VIRUS,BASED ON A POSITIVE FA TEST AND PRESENCE OF A VIRAL ENCEPHALITIS.,07-23-90
085-90,,GA,HALL,OAKWOOD MCDONALDS RESTAURANT,RACCOON,1990,1,F,AD,,CANINE DISTEMPER,DIAGNOSIS BASED ON EOSINOPHILIC HYALINE INTRANUCLEAR INCLUSION BODIES IN BRAIN AND INTRACYTOPLASMIC INCLUSION BODIES IN THE RENAL TUBULAR EPITHELIUM.,08/08/1990
090-90,,FL,PALM BEACH,DELRAY,GRAY FOX,1990,1,M,AD,,CANINE DISTEMPER,EOSINOPHILIC INTRANUCLEAR AND INTRACYTOPLASMIC INCLUSION BODIES PRESENT IN BILIARY EPITHELIUM,08-22-90
091-90,,GA,HALL,GAINESVILLE,RACCOON,1990,1,F,AD,,CANINE DISTEMPER,INTRANUCLEAR AND INTRACYTOPLASMIC EOSINOPHILIC INCLUSION BODIES PRESENT IN MACROPHAGES AND BRONCHIOLAR EPITHELIAL CELLS.,08-30-90
118-90,,VA,FLUVANNA,LAKE MONTICELLO,GRAY FOX,1990,1,M,IM,,VIRAL ENCEPHALITIS CAUSED BY CANINE DISTEMPER VIRUS,POSITIVE FA TEST FOR DISTEMPER.  EOSINOPHILIC INTRACYTOPLASMIC INCLUSION BODIES PRESENT.,10-30-90
121-90,,GA,GWINNETT,LAKE LANIER,GRAY FOX,1990,1,F,AD,,CANINE DISTEMPER VIRUS INFECTION,POSITIVE FA TEST FOR DISTEMPER.  EOSINOPHILIC HYALINE INTRACYTOPLASMIC INCLUSION BODIES PRESENT.,11/01/1990
123-90,,GA,GWINNETT,LAKE LANIER,RACCOON,1990,1,M,AD,,CANINE DISTEMPER,POSITIVE FA TEST FOR DISTEMPER.  EOSINOPHILIC HYALINE INTRACYTOPLASMIC INCLUSION BODIES PRESENT.,11/05/1990
136-90,,GA,TROUP/MERIWETHER/HARRIS,PINE MOUNTAIN,GRAY FOX,1990,1,M,AD,,CANINE DISTEMPER,POSITIVE FA TEST FOR CANINE DISTEMPER VIRUS.  INTRANUCLEAR AND INTRACYTOPLASMIC EOSINOPHILIC VIRAL INCLUSION BODIES PRESENT.,11-30-90
142-90,,LA,TENSAS,TENSAS RIVER NATIONAL WILDLIFE REFUGE,RACCOON,1990,1,F,IM,,CANINE DISTEMPER,POSITIVE FA EXAM FOR CANINE DISTEMPER VIRUS,12/06/1990
140-90,,TN,WASHINGTON,,RACCOON,1990,1,NA,NA,,CANINE DISTEMPER,TISSUES ONLY.  EOSINOPHILIC INTRACYTOPLASMIC AND INTRANUCLEAR INCLUSION BODIES PRESENT.,12/11/1990
141-90,,TN,HAMBLEN,,GRAY FOX,1990,1,NA,NA,,CANINE DISTEMPER,TISSUES ONLY.  EOSINOPHILIC INTRACYTOPLASMIC AND INTRANUCLEAR INCLUSION BODIES PRESENT.,12/11/1990
081-91,,NC,PAMLICO,CASH CORNER,GRAY FOX,1990,1,F,AD,,CANINE DISTEMPER,TISSUES ONLY.   BASED ON INTRACYTOPLASMIC EOSINOPHILIC INCLUSION BODIES.,04-23-91
082-91,,NC,PAMLICO,HWY 55 NEAR CRAVEN CO. LINE,GRAY FOX,1990,1,M,AD,,CANINE DISTEMPER,TISSUES ONLY.  BASED ON INTRACYTOPLASMIC AND INTRANUCLEAR EOSINOPHILIC INCLUSION BODIES.,04-23-91
083-91,,NC,CRAVEN,NEW BERN,GRAY FOX,1990,1,F,AD,,CANINE DISTEMPER,TISSUES ONLY.  BASED ON INTRACYTOPLASMIC EOSINOPHILIC INCLUSION BODIES.,04-23-91
025-91,,GA,GILMER,BIG CREEK ROAD,GRAY FOX,1991,1,F,AD,,CANINE DISTEMPER,SECONDARY SEPTICEMIA  POSITIVE FA EXAM FOR CANINE DISTEMPER.  EOSINOPHILIC INTRACYTOPLASMIC AND INTRANUCLEAR VIRAL INCLUSION BODIES PRESENT.,12-25-90
002-91,,SC,PICKENS,,GRAY FOX,1991,1,F,AD,,CANINE DISTEMPER,POSITIVE FA EXAM FOR CANINE DISTEMPER  EOSINOPHILIC INTRACYTOPLASMIC INCLUSION BODIES PRESENT,01/02/1991
006-91,,GA,CLARKE,ATHENS,RACCOON,1991,1,F,IM,,VIRAL ENCEPHALITIS CAUSED BY CANINE DISTEMPER,NEGATIVE FA TEST FOR CANINE DISTEMPER  INTRACYTOPLASMIC EOSINOPHILIC AND INTRANUCLEAR INCLUSION BODIES PRESENT.,01-16-91
009-91,,SC,PICKENS,,GRAY FOX,1991,1,M,AD,,CANINE DISTEMPER,POSITIVE FA TEST FOR CANINE DISTEMPER.  EOSINOPHILIC INTRACYTOPLASMIC AND INTRANUCLEAR INCLUSION BODIES PRESENT.,01-22-91
011-91,,GA,MADISON,NORTH GEORGIA HUNTING PEN,GRAY FOX,1991,2,M,AD,,CANINE DISTEMPER (VACCINE-INDUCED),SECONDARY LIVER NECROSIS AND SEPTICEMIA CAUSED BY LISTERIA MONOCYTOGENES (BOTH FOXES).  POSITIVE FA TEST FOR CANINE DISTEMPER IN BOTH FOXES.,01-22-91
024-91,,GA,RABUN,RABUN GAP SCHOOL,RACCOON,1991,1,M,AD,,CANINE DISTEMPER,"POSITIVE FA FOR CANINE DISTEMPER  INTRANUCLEAR EOSINOPHILIC INCLUSION BODIES PRESENT IN CEREBELLUM, INTRACYTOPLASMIC INCLUSIONS IN RENAL PELVIS AND PANCREAS.",02/05/1991
028-91,,GA,OCONEE,,RACCOON,1991,1,M,AD,,CANINE DISTEMPER VIRUS,POSITIVE FA EXAM FOR CANINE DISTEMPER VIRUS.  EOSINOPHILIC INTRANUCLEAR VIRAL INCLUSION BODIES PRESENT.,02/09/1991
039-91,,NC,PAMLICO,CHERRY POINT MCAS,RACCOON,1991,1,M,IM,,CANINE DISTEMPER SUSPECTED,,02-19-91
040-91,,NC,PAMLICO,CHERRY POINT MCAS,RACCOON,1991,1,F,AD,,CANINE DISTEMPER,INTRANUCLEAR AND/OR INTRACYTOPLASMIC EOSINOPHILIC INCLUSION BODIES PRESENT.,02-19-91
050-91,,SC,UNION,,RACCOON,1991,1,M,AD,,CANINE DISTEMPER,POSITIVE FA FOR CANINE DISTEMPER.  INCLUSION BODIES ALSO PRESENT.,03/08/1991
052-91,,NC,PAMLICO,CHERRY POINT MCAS,GRAY FOX,1991,1,M,AD,,CANINE DISTEMPER,INCLUSION BODIES PRESENT,03/11/1991
065-91,,FL,LEON,TALL TIMBERS RESEARCH STATION,RACCOON,1991,1,F,AD,,CANINE DISTEMPER,POSITIVE FA FOR CANINE DISTEMPER VIRUS.  INCLUSION BODIES ALSO PRESENT.,04/02/1991
075-91,,GA,OCONEE,WATKINSVILLE,GRAY FOX,1991,1,M,AD,,CANINE DISTEMPER,BASED ON POSITIVE FLUORESCENT ANTIBODY TEST,04-15-91
084-91,,NC,CRAVEN,"CYPRESS SHORES, NEW BERN",RACCOON,1991,1,M,IM,,CANINE DISTEMPER SUSPECTED,TISSUES ONLY.,04-23-91
085-91,,NC,CRAVEN,COVE CITY,GRAY FOX,1991,1,F,AD,,CANINE DISTEMPER SUSPECTED,TISSUES ONLY.  BASED ON CASE HISTORY AND HISTOPATHOLOGY,04-23-91
086-91,,NC,PAMLICO,GRANTSBORO,RACCOON,1991,1,F,IM,,CANINE DISTEMPER,TISSUES ONLY.  BASED ON INTRACYTOPLASMIC AND/OR INTRANUCLEAR EOSINOPHILIC INCLUSION BODIES IN BRAIN.,04-23-91
088-91,,NC,BEAUFORT,HICKORY POINT,RACCOON,1991,1,M,AD,,CANINE DISTEMPER,TISSUES ONLY  EOSINOPHILIC INTRACYTOPLASMIC INCLUSION BODIES PRESENT.,04-23-91
089-91,,NC,CRAVEN,FAIRFIELD HARBOR,RACCOON,1991,1,M,AD,,CANINE DISTEMPER,TISSUES ONLY  EOSINOPHILIC INTRACYTOPLASMIC AND INTRANUCLEAR INCLUSION BODIES PRESENT.,04-23-91
090-91,,NC,CRAVEN,US 17 N OF BRIDGETON,GRAY FOX,1991,1,F,AD,,CANINE DISTEMPER,TISSUES ONLY  EOSINOPHILIC INTRACYTOPLASMIC AND INTRANUCLEAR INCLUSION BODIES PRESENT.,04-23-91
093-91,,AL,DEKALB,"CONER SCOUT CAMP, NEAR MENTONE",RACCOON,1991,1,F,AD,,CANINE DISTEMPER,POSITIVE FA FOR CANINE DISTEMPER VIRUS.  EOSINOPHILIC INTRACYTOPLASMIC AND INTRANUCLEAR VIRAL INCLUSION BODIES PRESENT.,04-25-91
121-91,,GA,FORSYTH,,RACCOON,1991,1,F,AD,,CANINE DISTEMPER,"POSITIVE FA FOR CANINE DISTEMPER VIRUS IN LUNG, BRAIN, BLADDER, AND STOMACH TISSUES.  EOSINOPHILIC INTRACYTOPLASMIC INCLUSION BODIES ALSO PRESENT.",05-31-91
138-91,,GA,RABUN,,RACCOON,1991,1,F,AD,,CANINE DISTEMPER,POSITIVE FA FOR CANINE DISTEMPER.  INTRACYTOPLASMIC EOSINOPHILIC VIRAL INCLUSION BODIES ALSO PRESENT.,05-31-91
195-91,,GA,WHITFIELD,,GRAY FOX,1991,1,F,AD,,CANINE DISTEMPER,POSITIVE FA FOR CANINE DISTEMPER VIRUS AND PRESENCE OF EOSINOPHILIC INTRACYTOPLASMIC INCLUSION BODIES,06/08/1991
162-91,,GA,WHITFIELD,,GRAY FOX,1991,1,F,AD,,CANINE DISTEMPER VIRUS,BASED ON POSITIVE FA FOR CANINE DISTEMPER AND PRESENCE OF EOSINOHILIC INTRANUCLEAR AND INTRACYTOPLASMIC VIRAL INCLUSION BODIES.,07/08/1991
162-91,,GA,BARTOW,KINGSTON,GRAY FOX,1991,1,F,SUBADULT,,CANINE DISTEMPER,POSITIVE FA FOR CANINE DISTEMPER.  EOSINOPHILIC INTRACYTOPLASMIC VIRAL INCLUSION BODIES ALSO PRESENT,07/08/1991
163-91,,GA,BARTOW,KINGSTON,GRAY FOX,1991,1,F,SUB AD,,CANINE DISTEMPER VIRUS,,07/08/1991
164-91,,GA,FLOYD,,RACCOON,1991,1,M,IM,,CANINE DISTEMPER SUSPECTED,NEGATIVE FA FOR CANINE DISTEMPER.  DIAGNOSIS WAS BASED ON HISTOPATHOLOGIC LUNG LESIONS,07/08/1991
176-91,,FL,PALM BEACH,J.W. CORBETT WILDLIFE MANAGEMENT AREA,GRAY FOX,1991,1,M,IM,,CANINE DISTEMPER,POSITIVE FA FOR CANINE DISTEMPER VIRUS AND PRESENCE OF INTRANUCLEAR AND INTRACYTOPLASMIC EOSINOPHILIC INCLUSION BODIES.,07-31-91
178-91,,GA,FORSYTH,CUMMING,GRAY FOX,1991,1,M,AD,,CANINE DISTEMPER,POSITIVE FA FOR CANINE DISTEMPER AND PRESENCE OF INTRACYTOPLASMIC AND INTRANUCLEAR INCLUSION BODIES,08/01/1991
197-91,,GA,FORSYTH,,RACCOON,1991,1,UK,UK,,CANINE DISTEMPER,POSITIVE FA FOR CANINE DISTEMPER VIRUS.  NO INCLUSION BODIES WERE OBSERVED.,08-23-91
203-91,,GA,FORSYTH,CUMMING,GRAY FOX,1991,1,F,AD,,CANINE DISTEMPER,POSITIVE FA FOR CANINE DISTEMPER VIRUS AND PRESENCE OF INTRANUCLEAR OR INTRACYTOPLASMIC EOSINOPHILIC INCLUSION BODIES.,08-29-91
210-91,,TN,DAVIDSON,,RACCOON,1991,1,,,,CANINE DISTEMPER,RECORD COULD NOT BE FOUND FOR FURTHER INFORMATION,09/10/1991
235-91,,GA,BARTOW,,GRAY FOX,1991,1,F,AD,,CANINE DISTEMPER VIRUS,POSITIVE FA FOR CANINE DISTEMPER AND PRESENCE OF INTRACYTOPLASMIC EOSINOPHILIC INCLUSION BODIES.,11/05/1991
237-91,,GA,FANNIN,5 MI NORTH OF BLUE RIDGE,GRAY FOX,1991,1,M,AD,,CANINE DISTEMPER,POSITIVE FA FOR CANINE DISTEMPER VIRUS.  PRESENCE OF EOSINOPHILIC INTRACYTOPLASMIC INCLUSION BODIES.,11/05/1991
239-91,,GA,BARTOW,,RACCOON,1991,1,M,AD,,CANINE DISTEMPER,POSITIVE FA FOR CANINE DISTEMPER VIRUS.  PRESENCE OF EOSINOPHILIC INTRACYTOPLASMIC INCLUSION BODIES.,11/05/1991
253-91,,VA,NELSON,WINTERGREEN RESORT,RACCOON,1991,1,F,IM,,CANINE DISTEMPER,POSTIVE FA FOR CANINE DISTEMPER VIRUS  NO EVIDENCE OF INTRACYTOPLASMIC OR INTRANUCLEAR INCLUSION BODIES,12-14-91
007-92,,GA,FLOYD,MT. BERRY,GRAY FOX,1991,1,M,AD,,CANINE DISTEMPER,SECONDARY BACTERIAL PNEUMONIA   POSITIVE FA FOR CANINE DISTEMPER VIRUS.  PRESENCE OF EOSINOPHILIC INTRACYTOPLASMIC INCLUSION BODIES.,01-17-92
013-92,,GA,WHITE,,GRAY FOX,1991,1,F,AD,,CANINE DISTEMPER AND TOXOPLASMA ENCEPHALITIS,POSTIVE FA FOR CANINE DISTEMPER VIRUS.  PRESENCE OF INTRACUCLEAR EOSINOPHILIC INCLUSION BODIES.,01-27-92
155-92,,TN,DAVIDSON,NASHVILLE,RACCOON,1991,1,M,AD,,CANINE DISTEMPER,POSITIVE FA FOR CANINE DISTEMPER.,11/04/1992
005-92,,GA,HABERSHAM,CLARKESVILLE,GRAY FOX,1992,1,M,6-12 MO,,CANINE DISTEMPER,POSITIVE FA FOR CANINE DISTEMPER.  PRESENCE OF EOSINOPHILIC INTRACYTOPLASMIC INCLUSION BODIES.,01-16-92
008-92,,GA,FLOYD,ROME,GRAY FOX,1992,1,M,AD,,CANINE DISTEMPER,POSITIVE FA FOR CANINE DISTEMPER VIRUS.  PRESENCE OF EOSINOPHILIC INTRACYTOPLASMIC INCLUSION BODIES.,01-17-92
009-92,,GA,BARTOW,PINE LOG,GRAY FOX,1992,1,M,AD,,CANINE DISTEMPER,POSITIVE FA FOR CANINE DISTEMPER VIRUS.  PRESENCE OF EOSINOPHILIC INTRACYTOPLASMIC INCLUSION BODIES.,01-17-92
012-92,,GA,WHITE,,GRAY FOX,1992,1,M,AD,,CANINE DISTEMPER,POSITIVE FA FOR CANINE DISTEMPER VIRUS.  PRESENCE OF INTRACYTOPLASMIC AND INTRANUCLEAR INCLUSION BODIES.,01-27-92
022-92,,AL,BARBOUR,,RACCOON,1992,1,,,,CANINE DISTEMPER,RECORDS COULD NOT BE FOUND FOR FURTHER INFORMATION,02/12/1992
024-92,,GA,OCONEE,,GRAY FOX,1992,1,M,AD,,CANINE DISTEMPER,POSITIVE FA FOR CANINE DISTEMPER VIRUS.  PRESENCE OF EOSINOPHILIC INTRANUCLEAR INCLUSION BODIES.,02-19-92
031-92,,GA,BACON,NICHOLLS,RACCOON,1992,1,F,AD,,CANINE DISTEMPER,POSITIVE FA FOR CANINE DISTEMPER VIRUS.  PRESENCE OF INTRACYTOPLASMIC AND INTRANUCLEAR EOSINOPHILIC INCLUSION BODIES.,03/06/1992
035-92,,GA,WARE,FITZGERALD,RACCOON,1992,1,M,IM,,CANINE DISTEMPER,POSITIVE FA FOR CANINE DISTEMPER VIRUS.  PRESENCE OF INTRANUCLEAR EOSINOPHILIC INCLUSION BODIES.,03/06/1992
039-92,,GA,BARTOW,,RACCOON,1992,1,M,AD,,CANINE DISTEMPER,POSITIVE FA FOR CANINE DISTEMPER VIRUS.  PRESENCE OF INTRANUCLEAR INCLUSION BODIES.,03/12/1992
040-92,,GA,FLOYD,,RACCOON,1992,1,M,AD,,CANINE DISTEMPER,POSITIVE FA FOR CANINE DISTEMPER VIRUS.  PRESENCE OF INTRANUCLEAR INCLUSION BODIES.,03/12/1992
043-92,,GA,CHEROKEE,,GRAY FOX,1992,1,F,AD,,CANINE DISTEMPER,POSITIVE FA FOR CANINE DISTEMPER VIRUS.  PRESENCE OF EOSINOPHILIC INTRANUCLEAR INCLUSION BODIES.,03/12/1992
047-92,,GA,FLOYD,,RACCOON,1992,1,M,AD,,CANINE DISTEMPER,POSITIVE FA FOR CANINE DISTEMPER VIRUS.  EOSINOPHILIC INCLUSION BODIES NOTED.,03/12/1992
048-92,,GA,FLOYD,MT. BERRY,RACCOON,1992,1,M,AD,,CANINE DISTEMPER,POSITIVE FA FOR CANINE DISTEMPER VIRUS.  NO EOSINOPHILIC INCLUSION BODIES NOTED (PROBABLY FREEZE ARTIFACT.),03/12/1992
049-92,,GA,COBB,,RACCOON,1992,1,F,AD,,CANINE DISTEMPER,POSITIVE FA FOR CANINE DISTEMPER VIRUS.   EOSINOPHILIC INTRACYTOPLASMIC AND/OR INTRANUCLEAR INCLUSION BODIES NOTED.,03/12/1992
050-92,,GA,FLOYD,MT. BERRY,RACCOON,1992,1,F,IM,,CANINE DISTEMPER,POSITIVE FA FOR CANINE DISTEMPER VIRUS.   EOSINOPHILIC INTRACYTOPLASMIC AND/OR INTRANUCLEAR INCLUSION BODIES NOTED.,03/12/1992
065-92,,GA,JEFFERSON,,RACCOON,1992,1,M,IM,,CANINE DISTEMPER,POSITIVE FA FOR CANINE DISTEMPER VIRUS.  PRESENCE OF EOSINOPHILIC INTRACYTOPLASMIC AND INTRANUCLEAR INCLUSION BODIES.,03-28-92
042-92,,WV,MASON,MUD RUN,RACCOON,1992,1,M,IM,,CANINE DISTEMPER,POSITIVE FA FOR CANINE DISTEMPER.  PRESENCE OF INTRANUCLEAR AND INTRACYTOPLASMIC INCLUSION BODIES.,04/01/1992
046-92,,GA,FORSYTH,CUMMING,RACCOON,1992,1,F,AD,,CANINE DISTEMPER,POSITIVE FA FOR CANINE DISTEMPER VIRUS.  NO INCLUSION BODIES NOTED.,04/07/1992
064-92,,GA,FORSYTH,CUMMING,RACCOON,1992,1,F,IM,,CANINE DISTEMPER,POSITIVE FA FOR CANINE DISTEMPER VIRUS.  PRESENCE OF EOSINOPHILIC INTRACYTOPLASMIC AND INTRANUCLEAR INCLUSION BODIES.,04-20-92
113-92,,GA,FLOYD,,GRAY FOX,1992,1,F,AD,,CANINE DISTEMPER,POSITIVE FA FOR CANINE DISTEMPER  EOSINOPHILIC INTRANUCLEAR INCLUSION BODIES PRESENT.,07-31-92
114-92,,GA,FLOYD,LINDALE,GRAY FOX,1992,1,F,AD,,CANINE DISTEMPER,POSTIVE FA FOR CANINE DISTEMPER  PRESENCE OF EOSINOPHILIC INTRACYTOPLASMIC INCLUSIONS,07-31-92
118-92,,GA,FLOYD,MT. BERRY,GRAY FOX,1992,1,M,AD,,CANINE DISTEMPER,POSITIVE FA FOR CANINE DISTEMPER.  EOSINOPHILIC INTRANUCLEAR OR INTEACYTOPLASMIC INCLUSION BODIES PRESENT,07-31-92
128-92,,GA,CHEROKEE,WOODSTOCK,RACCOON,1992,1,F,AD,,CANINE DISTEMPER,BASED ON A POSITIVE FA TEST,07-31-92
129-92,,GA,CHEROKEE,WOODSTOCK,RACCOON,1992,1,M,IM,,CANINE DISTEMPER,BASED ON A POSITIVE FA TEST  PRESENCE OF EOSINOPHILIC INTRANUCLEAR AND INTRACYTOPLASMIC INCLUSION BODIES,07-31-92
145-92,,GA,CATOOSA,HAYWOOD VALLEY,RACCOON,1992,1,F,AD,,CANINE DISTEMPER,POSITIVE FA FOR CANINE DISTEMPER  EOSINOPHILIC INTRANUCLEAR INCLUSION BODIES PRESENT,07-31-92
148-92,,GA,CHEROKEE,,RACCOON,1992,1,F,AD,,CANINE DISTEMPER,POSITIVE FA FOR CANINE DISTEMPER,07-31-92
150-92,,WV,KANAWHA,ST. ALBANS CITY PARK,RACCOON,1992,1,F,AD,,CANINE DISTEMPER,POSITIVE FA FOR CANINE DISTEMPER,10-28-92
153-92,,TN,CHEATHAM,WHITE BLUFF,RACCOON,1992,1,M,AD,,CANINE DISTEMPER,PARASITISM   POSITIVE FA FOR CANINE DISTEMPER VIRUS.  EOSINOPHILIC INTRACYTOPLASMIC INCLUSION BODIES.,11/04/1992
037-93,,VA,VIRGINIA BEACH,MUDDY CREEK ROAD,GRAY FOX,1992,1,M,AD,,CANINE DISTEMPER,POSITIVE FA FOR CANINE DISTEMPER,02-23-93
038-93,,VA,VIRGINIA BEACH,LAGO MAR SUBDIVISION,GRAY FOX,1992,1,M,AD,,CANINE DISTEMPER,POSITIVE FA FOR CANINE DISTEMPER,02-23-93
007-93,,GA,DOUGLAS,LITHIA SPRINGS,RACCOON,1993,1,F,AD,,CANINE DISTEMPER,POSITIVE FA FOR CANINE DISTEMPER.  EOSINOPHILIC INTRACYTOPLASMIC INCLUSION BODIES PRESENT,01-15-93
008-93,,GA,DOUGLAS,LITHIA SPRINGS,RACCOON,1993,1,M,AD,,CANINE DISTEMPER,POSITIVE FA FOR CANINE DISTEMPER.  EOSINOPHILIC INTRACYTOPLASMIC INCLUSION BODIES PRESENT,01-15-93
015-93,,GA,HARALSON,,RACCOON,1993,1,F,AD,,CANINE DISTEMPER,POSITIVE FA FOR CANINE DISTEMPER  EOSINOPHILIC INTRACYTOPLASMIC INCLUSIN BODIES PRESENT,02/04/1993
018-93,,GA,CAMDEN,WOODBINE,RACCOON,1993,1,F,IM,,CANINE DISTEMPER,POSITIVE FA FOR CANINE DISTEMPER VIRUS   EOSINOPHILIC INTRACYTOPLASMIC AND/OR INTRANUCLEAR INCLUSION BODIES PRESENT,02/10/1993
019-93,,TN,WILLIAMSON,NEAR FRANLKLIN,RACCOON,1993,1,F,AD,,CANINE DISTEMPER,POSITIVE FA FOR CANINE DISTEMPER VIRUS   EOSINOPHILIC INTRACYTOPLASMIC INCLUSION BODIES PRESENT,02/10/1993
020-93,,TN,WILLIAMSON,NEAR FRANLKLIN,RACCOON,1993,1,F,AD,,CANINE DISTEMPER,POSITIVE FA FOR CANINE DISTEMPER VIRUS   EOSINOPHILIC INTRACYTOPLASMIC AND/OR INCLUSION BODIES PRESENT,02/10/1993
073-93,,GA,CAMDEN,DEVON STREET,RACCOON,1993,1,M,AD,,CANINE DISTEMPER,POSITIVE FA FOR CANINE DISTEMPER (SOME TISSUES NEGATIVE),02-15-93
077-93,,GA,CAMDEN,ST. MARYS,RACCOON,1993,1,F,AD,,CANINE DISTEMPER,POSTIVE FA FOR CANINE DISTEMPER,02-15-93
078-93,,GA,CAMDEN,ST. MARYS,RACCOON,1993,1,F,AD,,CANINE DISTEMPER,POSTIVE FA FOR CANINE DISTEMPER,02-15-93
042-93,,GA,HENRY,MCDONOUGH,GRAY FOX,1993,1,F,AD,,CANINE DISTEMPER,POSITIVE FA FOR CANINE DISTEMPER.  EOSINOPHILIC INTRACYTOPLASMIC INCLUSION BODIES,03/01/1993
054-93,,GA,WAYNE,JESUP,GRAY FOX,1993,1,M,AD,,CANINE DISTEMPER,POSITIVE FA FOR CANINE DISTEMPER,03/01/1993
045-93,,LA,,TENSAS RIVER NATIONAL WILDLIFE REFUGE,RACCOON,1993,1,F,AD,,CANINE DISTEMPER,POSITIVE FA FOR CANINE DISTEMPER.  AMPHOPHILIC INTRACYTOPLASMIC INCLUSION BODIES,03/05/1993
046-93,,LA,,TENSAS RIVER NATIONAL WILDLIFE REFUGE,RACCOON,1993,1,M,AD,,CANINE DISTEMPER,POSITIVE FA FOR CANINE DISTEMPER.  EOSINOPHILIC INTRACYTOPLASMIC INCLUSION BODIES,03/05/1993
062-93,,TN,,,STRIPED SKUNK,1993,1,M,AD,,CANINE DISTEMPER,POSITIVE FA FOR CANINE DISTEMPER.  EOSINOPHILIC INCLUSION BODIES PRESENT,03-30-93
063-93,,TN,,OLD HICKORY,GRAY FOX,1993,1,M,AD,,CANINE DISTEMPER,POSITIVE FA FOR CANINE DISTEMPER.  EOSINOPHILIC INTRACYTOPLASMIC INCLUSION BODIES PRESENT,03-30-93
074-93,,GA,HALL,GAINESVILLE,RACCOON,1993,1,F,IM,,CANINE DISTEMPER,CONCURRENT TOXOPLASMOSIS,04/08/1993
076-93,,TN,,OAK RIDGE WMA,RACCOON,1993,1,M,AD,,CANINE DISTEMPER,POSTIVE FA FOR CANINE DISTEMPER  EOSINOPHILIC INTRANUCLEAR INCLUSION BODIES PRESENT,04-14-93
082-93,,GA,BANKS,GAINESVILLE,RACCOON,1993,1,F,AD,,CANINE DISTEMPER,POSITIVE FA FOR CANINE DISTEMPER.  INTRACYTOPLASMIC EOSINOPHILIC INCLUSION BODIES PRESENT,04-28-93
089-93,,FL,VOLUSIA,CANAVERAL NATIONAL SEASHORE,RACCOON,1993,1,M,AD,,CANINE DISTEMPER,POSITIVE FA FOR CANINE DISTEMPER,06/01/1993
095-93,,GA,FORSYTH,CUMMING,RACCOON,1993,1,M,AD,,CANINE DISTEMPER,POSITIVE FA FOR CANINE DISTEMPER VIRUS  EOSINOPHILIC INTRANUCLEAR INCLUSION BODIES PRESENT,06-30-93
116-93,,SC,AIKEN,SAVANNAH RIVER,COYOTE,1993,1,M,AD,,"VIRAL ENCEPHALITIS, POSSIBLY CANINE DISTEMPER VIRUS",,08-20-93
151-93,,LA,MADISON,TENSAS RIVER NATIONAL WILDLIFE REFUGE,GRAY FOX,1993,1,F,IM,,CANINE DISTEMPER,POSITIVE FA FOR CANINE DISTEMPER VIRUS.  INTRANUCLEAR AND INTARCYTOPLASMIC VIRAL INCLUSIONS PRESENT,10-22-93
028-94,,GA,BARROW,BETHLEHEM,GRAY FOX,1994,1,M,AD,,CANINE DISTEMPER,,02-25-94
034-94,,GA,EVANS,CLAXTON,GRAY FOX,1994,1,F,AD,,CANINE DISTEMPER VIRUS INFECTION,,03/08/1994
049-94,,TN,GILES,PROSPECT,RACCOON,1994,1,F,AD,,CANINE DISTEMPER,,04/11/1994
057-94,,GA,MCINTOSH,SAPELO ISLAND,RACCOON,1994,2,M,AD,,CANINE DISTEMPER,,04-27-94
123-94,,GA,TREUTLEN,NEAR I-16,GRAY FOX,1994,1,F,ADULT,6LBS,CANINE DISTEMPER,,10-13-94
155-94,,TN,HAWKINS,HOLSTON ARMY AMMUNITION PLANT,RACCOON,1994,1,F,AD,,CANINE DISTEMPER,,12/07/1994
Aug-95,,GA,UNION,,RACCOON,1995,1,M,JUVENILE,3LBS,CANINE DISTEMPER,,1-31-95
019-95,,TN,HICKMAN,,RACCOON,1995,1,F,AD,,CANINE DISTEMPER,"DRACUNCULUS INSIGNIS, FLEAS, SARCOCYSTIS, CAPILLARIA",03/01/1995
022-95,,VA,STAFFORD,UPPER MILL WAY,GRAY FOX,1995,1,M,AD,,CANINE DISTEMPER,,03/07/1995
25-95,,GA,MORGAN,RUTLEDGE,RACCOON,1995,1,F,JUV,3.5LBS,"CANINE DISTEMPER, PROTOZOAN CYST IN CEREBELLUM",CYST SUSPECTED NEOSPORA CANINUM,03/09/1995
27-95,,TN,GILES,PULASKI,RACCOON,1995,1,M,ADULT,N/A,"CANINE DISTEMPER, HERPES VIAL HEPATITIS AND ADNETITIS, BACTERIAL BRONCHOPNEUMONIA",,3-15-95
30-95,,GA,STEPHENS,TOCCOA,RACCOON,1995,1,N/A,ADULT,N/A,CANINE DISTEMPER,HEAD ONLY SUBMITTED,3-17-95
31-95,,GA,STEPHENS,TOCCOA,RACCOON,1995,1,N/A,ADULT,N/A,CANINE DISTEMPER,HEAD ONLY SUBMITTED,3-17-95
36-95,,GA,WALTON,SOCIAL CIRCLE,RACCOON,1995,1,F,ADULT,6.5LBS,"CANINE DISTEMPER, BACTERIAL BRONCHOPNEUMONIA AND SEPTICEMIA",,04/10/1995
37-95,,GA,CHATTOOGNA,SUBLIGNA,GRAY FOX,1995,1,M,ADULT,7.75LBS,CANINE DISTEMPER,,04/11/1995
39-95,,TN,HAWKINS,HOLSTON ARMY AMMUNITION PLANT,RACCOON,1995,1,F,ADULT,6.25LBS,CANINE DISTEMPER,,4-14-95
58-95,,SC,PICKENS,CENTRAL,RACCOON,1995,1,M,ADULT,12LBS,CANINE DISTEMPER,,06/06/1995
64-95,,SC,PICKENS,CLEMSON,GRAY FOX,1995,1,F,1YR,5LBS,CANINE DISTEMPER,,6-16-95
071-95,,GA,STEPHENS,HIGHWAY 17,GRAY FOX,1995,1,M,AD,,CANINE DISTEMPER,,07-17-95
092-95,,GA,STEPHENS,TOCCOA,GRAY FOX,1995,1,F,AD,,CANINE DISTEMPER,,08/11/1995
132-95,,GA,STEPHENS,TOCCOA,GRAY FOX,1995,1,F,AD,,CANINE DISTEMPER,OTODECTES CYNOTIS (EAR MITES),11-15-95
133-95,,GA,STEPHENS,TOCCOA,RACCOON,1995,1,F,ADULT,6.5LBS,"CANINE DISTEMPER, SEVERE FIBROCYTIC MESENTERIC LYMPHADENITIS",,11-15-95
145-95,,VA,STAFFORD,LINCOLN DRIVE RESIDENCE,GRAY FOX,1995,1,M,SUBADULT,6LBS,CANINE DISTEMPER,,12/12/1995
007-96,,GA,FLOYD,MATHIS ROAD,RACCOON,1995,1,F,AD,,"GUNSHOT TRAUMA, CANINE DISTEMPER",,01/09/1996
003-96,,GA,STEPHENS,TOCCOA FALLS COLLEGE CAMPUS,RACCOON,1996,1,M,AD,,CANINE DISTEMPER VIRUS,,01/05/1996
071-96,,GA,DAWSON,AMICALOLA STATE PARK,GRAY FOX,1996,1,F,AD,,CANINE DISTEMPER,SECONDARY BACTERIAL PNEUMONIA AND GASTRITIS,05/02/1996
080-96,,GA,HALL,OAKWOOD,RACCOON,1996,1,M,AD,,CANINE DISTEMPER,"CRENOSOMA SP., CAPILLARIA PROCYONIS, MOLINEUS BARBATUS",05-29-96
080-96,,GA,HALL,OAKWOOD,RACCOON,1996,1,M,AD,,CANINE DISTEMPER,,05-29-96
082-96,,GA,HALL,OAKWOOD,RACCOON,1996,1,M,AD,,CANINE DISTEMPER,"EURYTREMA PROCYONIS FLUKES, PHYSALOPTERA SP, MACRACANTHORHYNCHUS INGENS",05-29-96
120-96,,GA,PICKENS,BIG CANOE,RACCOON,1996,1,F,IM,,CANINE DISTEMPER,,09/03/1996
011-97,Cornish,GA,Walton,"Mt paron Road, Monroe",Raccoon,1997,1,Male,Juvenile,2.0kg,Distemper,,01/21/97
021-97,Fischer,KS,Riley,Manhattan,Raccoon,1997,1,Unknown,Adult,Unknown,Canine distemper,encephalitis and sunken eyes,02/06/1997
035-97,Cornish,KS,Sedgwick,Argonia,Raccoon,1997,1,Male,Adult,4.8kg,1. Canine Distemper Virus infection  2. Leptospira interrogans infection  3. Rhodococcus equi and E. coli  4. Baylisascaris procyonis,,02/20/97
045-97,Fischer,GA,Walton,Social Circle,Raccoon,1997,1,Male,Adult,Unknown,Canine Distemper,brain not available for rabies testing,03/06/1997
169-97,Fischer,GA,Morgan,Madison,Raccoon,1997,1,Female,Adult,10.25lbs,Canine Distemper,,11/26/97
030-98,Cornish,GA,Candler,Metter,Grey Fox,1998,1,Male,Adult,4kg,1. Canine distemper (canine distemper virus infection)  2. Cause of death: Trauma (gunshot),,02/24/98
047-98,Cornish,GA,Ben Hill,Fitzgerald,Grey Fox,1998,1,Male,Adult,4.0kg,1. Canine Distemper  2. Cause of death: Trauma (gunshot),,03/16/98
086-98,Cornish,TN,Davidson,Opryland Golf Course,Raccoon,1998,1,Female,Adult,2.7kg,Distemper (canine distemper virus infection),,04/30/98
087-98,Cornish,TN,Houston,Tennessee Ridge,Raccoon,1998,1,Female,Adult,2.8kg,Distemper (Canine distemper virus infection),,04/30/98
219-98,Gaydos,WV,Berkeley,1 mi east of Opequon,Raccoon,1998,1,Female,Adult,3.3kg,Canine Distemper,,12/10/1998
221-98,Gaydos,SC,Richland,Congaree River Swamp,Raccoon,1998,1,Male,Adult,3kg,1.Rabies  2.Canine Distemper,,12/11/1998
228-98,Fischer,VA,Clarke,Shanks Property,Raccoon,1998,1,Female,Adult,15lbs,Canine Distemper,,12/18/98
044-99,Fischer,TN,Davidson,Goodletsville,Raccoon,1999,3,Both,Varying Ages,Varying Weights,Canine Distemper,,12/21/98
073-99,Quist,KS,Miami,Hillsdale State Park,Raccoon,1999,1,Male,Adult,Unknown,Canine Distemper encephalitis,,04/12/1999
159-99,Quist,GA,Rabun,Black Rock State Park,Grey Fox,1999,1,Female,Juvenile,Unknown,Canine Distemper,,10/01/1999
227-99,Fischer,LA,St Tammany,NA,"Raccoon, Opossum",1999,4,Female,Varying Ages,Varying Weights,Canine Distemper - 3 of 3 raccoons; Undetermined - opossum,,
015-00,Gaydos,TN,Davidson,NA,Raccoon,2000,1,Male,Juvenile,7lbs,Canine Distemper,"Joseph Gaydos of SCWDS notified Mr Ed Warr of the diagnosis via electronic mail on 24 January, 2000.",01/19/00
029-00,Fischer,KS,Jefferson,Perry State Park,Raccoon,2000,1,Female,Adult,14kg,Canine Distemper,,02/11/2000
063-00,Gaydos,TN,Franklin,Decherd,Raccoon,2000,1,Male,Juvenile,8.5lbs,Canine distemper,,04/19/00
208-00,Gaydos,KS,Crawford,NA,Raccoon,2000,1,Female,Adult,14lbs,Canine Distemper,,11/01/2000
008-01,Tate,GA,White,"Highway 129, Cleveland",Striped Skunk,2001,1,Male,Unknown,Unknown,Canine distemper,,01/08/2001
013-01,Gaydos,WV,Wirt,Near Crestan,Raccoon,2001,1,Female,Juvenile,6.25lbs,Canine Distemper,,01/11/2001
030-01,Gaydos,GA,Hall,Walter Stover Road,Grey Fox,2001,1,Male,Young Adult,7lbs,Canine Distemper,,02/02/2001
068-01,Gaydos,GA,Floyd,Berry College Campus,Raccoon,2001,4,Both,"Adult, Juvenile",Unknown,"Canine Distemper (Raccoons B,C,D) Normal (Raccoon A)",,03/20/01
088-01,Tate,NC,Haywood,"Garner Cove, south Waynesville",Raccoon,2001,1,Female,Adult,5.5lbs,Canine Distemper,,04/10/2001
091-01,Tate,GA,Hall,Gainesville,Raccoon,2001,1,Male,Adult,5.25lbs,Canine Distemper,,04/11/2001
102-01,Tate,GA,White,"Poplar Stump Road, 2 miles north of Robertstown",Raccoon,2001,1,Female,Adult,6.25lbs,Canine distemper virus,Tissues were negative for rabies virus by flourescent antibody test.,05/02/2001
133-01,Gerhold,GA,Forsyth,Unknown,Raccoon,2001,1,Female,Adult,12lbs,Canine Distemper,,07/23/01
002-02,Gerhold,KS,Johnson,Stillwell,Raccoon,2002,1,Male,Adult,14.5lbs,Canine Distemper,,01/08/2002
003-02,Gibbs,KS,Johnson,Overland Park Arboretum,Raccoon,2002,1,Male,Adult,11.5lbs,Canine Distemper; Trauma,,01/08/2002
004-02,Gottdenker,KS,Cowley,near Winfield,Raccoon,2002,1,Female,Subadult,8.2lbs,Canine Distemper,,01/09/2002
030-02,Gottdenker,WV,Romney,Hampshire,Grey Fox,2002,1,Female,Adult,7.75lbs,Canine Distemper Virus,,02/08/2002
033-02,Gottdenker,FL,Leon,,Raccoon,2002,1,,,,Canine Distemper Virus,Soft tissue and bone trauma is most likely due to the method of euthanasia.,02/20/02
038-02,Gottdenker,FL,Leon,Tall Timbers Research Station,Raccoon,2002,1,Male,Adult,7.75lbs,Canine Distemper Virus,A previous animal from this area (CC-33-02) also tested positive for canine distemper virus.,02/26/02
045-02,Gottdenker,GA,Glynn,GA Power Plant McManus,Grey Fox,2002,1,Female,Adult,5.8lbs,Canine Distemper Virus,Animal tested positive for canine distemper virus and showed some histopathologic lesions supporting this diagnosis.,03/06/2002
058-02,Gibbs,GA,Fayette,Peachtree Parkway and Waterwood Bend,Grey Fox,2002,1,Male,Adult,6.5lbs,Canine Distemper Virus,,03/19/02
066-02,Gottdenker,WV,Hampshire,Unknown,Grey Fox,2002,1,Female,Adult,7.2lbs,Canine Distemper,,03/25/02
313-02,Gottdenker,GA,Chatham,,Raccoon,2002,1,Female,Adult,5.3lbs,Canine Distemper,,10/02/2002
485-02,Gerhold,KS,Saline,"PeeWee Creek, Rosehill and Ohio St",Raccoon,2002,1,Male,Adult,13lbs,Canine distemper,The IHC testing of the lung tissue is positive.,12/18/02
028-03,Gottdenker,KS,Crawford,,Raccoon,2003,1,Female,Adult,11lbs,Canine distemper,Negative for rabies,01/24/03
047-03,Gottdenker,GA,Glynn,St. Simon's Island,Raccoon,2003,1,Male,Adult,6.8lbs,Canine distemper,Negative for rabies,02/25/03
074-03,Gibbs,FL,Leon,,Raccoon,2003,1,Male,Adult,6.75lbs,Canine distemper virus,Negative for rabies,04/11/2003
082-03,Gerhold,TN,Giles,Bunker Hill Community,Raccoon,2003,1,Female,Adult,7.1lbs,Canine distemper,Negative for rabies,04/24/03
086-03,Gerhold,KS,Crawford,221 Hush St. Frontenac,Gray Fox,2003,1,Female,Adult,6.1lbs,Canine distemper,Heavy infestation of Rocky Mountain wood ticks,05/06/2003
010-04,Gerhold,TN,Rutherford,Lavergne,Raccoon,2004,1,Female,Adult,5.3lbs,Canine distemper,Negative for rabies,01/09/2004
054-04,Gerhold,FL,Collier,Collier-Seminole State Park,Gray Fox,2004,1,Female,Adult,3.0kg,Canine distemper,Caught with 2 raccoons in Tomahawk trap as part of exotic tick surveillance in Florida,03/26/04
080-04,Gerhold,TN,Lake,Reelfoot Lake State Park - Keystone area,Raccoon,2004,1,Female,Adult,6.6lbs,Canina distemper virus,Approximately four other raccoons have been found dead in past couple of weeks.,04/20/04
180-04,Gerhold,WV,Wood,Vienna,Raccoon,2004,1,Male,Adult,3.75lbs,Canine distemper,Negative for rabies and tularemia,09/22/04
188-04,Gibbs,GA,Houston,Warner Robins,Grey Fox,2004,1,Male,Juvenile,7.5lbs,Canine distemper virus (CDV),"Negative for rabies, canine corona virus, and canine parvovirus.",10/07/2004
238-04,Brown,GA,Peach,"Dunbar Road, Byron",Gray Fox,2004,1,Male,Adult,Unknown,Canine distemper,,12/08/2004
242-04,Brown,GA,Dougherty,Marine Corps Logistics Base (warehouse),Gray Fox,2004,1,Male,Adult,6.2lbs,Canine distemper,,12/10/2004
006-05,Brown,GA,Dawson,"1818 Perimeter Dr., Dawsonville",Gray Fox,2005,1,Male,Adult,Unknown,Canine distemper,,01/12/2005
008-05,Brown,GA,Forsyth,Babcock/Webb WMA,Raccoon,2005,1,Male,Adult,Unknown,Canine distemper,A fluorescent-antibody assay for CDV was falsely negative.,01/12/2005
007-05,Brown,GA,Lumpkin,Siloam Church Rd,Raccoon,2005,1,Male,Adult,Unknown,Canine distemper,"Had infestation by 
Also had infestation by Molineus sp.",01/14/05
017-05,Brown,KS,Franklin,2856 John Brown Rd,Striped Skunk,2005,1,Female,Adult,3.8lbs,Canine distemper,,02/01/2005
125-05,Gibbs,GA,Troup,Holiday Campground,Gray Fox,2005,1,Female,Adult,5lbs,Canine distemper virus (CDV),Negative for rabies,07/15/05
230-05,Gibbs,FL,Collier,CR951/US41,Gray Fox,2005,1,Male,Juvenile,Unknown,Canine distemper virus,,11/15/05
255-05,Gibbs,GA,Coweta,"Bridgewater Lane, Newnan",Raccoon,2005,1,Male,Adult,Unknown,Canine distemper virus (CDV),Negative for rabies,12/16/05
028-06,Gerhold,GA,Clarke,Athens Five Points neighborhood,Raccoon,2006,2,Both,Adult,9.5-9.6lbs,A: Canine distemper  B:  Canine distemper and toxoplasmosis,Negative for rabies virus,01/03/2005
034-06,Gerhold,GA,Coweta,"2117 W. Grantville Rd, Grantville",Raccoon,2006,1,Male,Juvenile,Unknown,Canine distemper,Negative for rabies virus,02/15/06
037-06,Gerhold,GA,Clarke,370 Church Street,Raccoon,2006,1,Female,Adult,7.25lbs,Canine distemper and toxoplasmosis,Negative for rabies virus,02/16/06
038-06,Gerhold,GA,Clarke,Athens Five Points neighborhood,Raccoon,2006,1,Male,Adult,7.5lbs,Canine distemper,Negative for rabies virus,02/17/06
039-06,Maxted,GA,Clarke,"5-Points area, Athens",Raccoon,2006,1,Female,Adult,Unknown,Canine distemper,Negative for rabies,02/17/06
050-06,Gerhold,KS,Neosho,Chanute,Gray Fox,2006,1,Male,Adult,10lbs,Canine distemper,Negative for rabies virus,03/01/2006
053-06,Gerhold,GA,Coweta,Moreland,Raccoon,2006,1,Female,Unknown,Unknown,Canine distemper and bone marrow embolism,Negative for rabies virus,03/02/2006
054-06,Gerhold,GA,Coweta,Sparksburg,Raccoon,2006,1,Female,Unknown,Unknown,Canine distemper,Negative for rabies virus,03/02/2006
073-06,Brown,KS,Jefferson,"N39.15810, W095.44943",Raccoon,2006,1,Male,Adult,8.0lbs,Canine distemper,Negative for rabies,03/23/06
072-06,Brown,GA,Clarke,"Barnett Shoals Rd., Athens",Raccoon,2006,1,Female,Adult,7.0lbs,Canine distemper,Negative for rabies virus,03/28/06
097-06,Brown,GA,Clarke,State Botanical Gardens,Raccoon,2006,1,Female,Adult,5.0lbs,Canine distemper,Negative for rabies,04/12/2006
111-06,Maxted,FL,Manatee,Unknown,Raccoon,2006,1,Male,Adult,Unknown,Canine distemper,Negative for rabies,04/19/06
112-06,Maxted,FL,Manatee,Unknown,Raccoon,2006,1,Female,Juvenile,2.6lbs,Canine distemper,Negative for rabies,04/19/06
126-06,Keel,GA,Coweta,Austin Road,Raccoon,2006,1,Female,Adult,Unknown,Canine distemper,GADNR reported negative for rabies.,05/03/2006
132-06,Gibbs,GA,McIntosh,Sapelo Hammock Golf Club,Raccoon,2006,1,Male,Adult,Unknown,Canine distemper,Negative for rabies,05/10/2006
148-06,Gerhold,GA,Coweta,Palmetto Pines Road,Raccoon,2006,1,Male,Adult,Unknown,1. Canine distemper  2. Lungworm infestation,,05/25/06
228-06,Gibbs,VA,Spotsylvania,Fredericksburg,Raccoon,2006,1,Female,Adult,7.5lbs,Canine distemper,Negative for rabies,08/25/06
251-06,Maxted,VA,Sportslyvania,Fredericksburg City,Raccoon,2006,2,Both,"Juv, Adult","Unknown, 9.5lb",Canine distemper,Brain tissues of raccoons is negative for rabies virus.,09/08/2006
044-07,Brown,FL,Collier,Fakahatchee Strand,Mink,2007,1,Male,Adult,Unknown,Canine distemper,Hit by car on September 2004,01/17/07
212-07,Keel,SC,Charleston,James Island,Raccoon,2007,1,Female,Adult,10lbs,Canine distemper,Negative for rabies,05/30/07
215-07,Keel,SC,Charleston,James Island,Raccoon,2007,1,Female,Adult,4.75lbs,Canine distemper,Negative for rabies,05/30/07
013-08,Keel,SC,Charleston,"319 E Indian, city of folly Beach",Raccoon,2008,1,Unknown,1 yr,~8lbs,Canine distemper,Rabies not identified,01/18/08
014-08,Keel,SC,Charleston,"702 E Ashley, city of Folly Beach",Raccoon,2008,1,Unknown,1 yr,~8lbs,Canine distemper,Rabies not identified,01/18/08
021-08,Bryan,GA,Floyd,The campus of Berry College,Striped Skunk,2008,1,Female,Adult,1.7kg,Canine distemper,,01/31/08
050-08,Bryan,FL,Columbia,Unknown,Gray Fox,2008,1,Female,Subadult,3.24kg,Canine distemper,,02/26/08
152-08,Bryan,KS,Lyon,Area of Hwy 99 and State road 80,Coyote,2008,1,Male,<2 months,820g,Canine distemper virus with secondary histoplasmosis,Negative for rabies and parvovirus,06/10/2008
203-08,Ruder,SC,Pickens,Central,Raccoon,2008,1,Male,Adult,5.8 lbs,Canine distemper and leptospirosis,,08/08/2008
216-08,Ruder,NC,Burke,Morganton,Red Fox,2008,1,Female,Adult,Unknown,Encephalitis (suspect canine distemper),Negative for canine distemper,08/19/08
315-08,Cartoceti,FL,Pinellas,Univ of South Florida Botanical Garden,Gray Fox,2008,1,Male,Adult,6 lbs,Canine distemper with secondary fungal pneumonia,Negative for rabies,11/05/2008
014-09,Cartoceti,GA,Richmond,"5974 Deans Bridge Rd, Blythe",Gray Fox,2009,1,Male,Adult,7.5 lbs,Canine distemper virus and trauma,Negative for rabies,01/13/09
075-09,Ruder,LA,Vernon,Leesville,Raccoon,2009,1,Male,Adult,6 lbs,Canine distemper and leptospirosis with moderate lungworm infestation,Negative for rabies,03/05/2009
098-09,Brown,GA,Mcintosh,Sanctuary on the Sapelo,Raccoon,2009,1,Female,Adult,7.75 lbs,Canine distemper,Negative for rabies,03/13/09
102-09,Cartoceti,MO,St. Louis,Kirkwood,Raccoon,2009,1,Female,Adult,10.25 lbs,Canine distemper virus,Negative for rabies,03/18/09
143-09,Ruder,FL,Santa Rosa,Milton,Raccoon,2009,2,Both,Adult,7.5 lbs,Canine distemper,Negative for rabies.,04/07/2009
159-09,Hernandez,SC,Union,"Sardis Road, near Union",Raccoon,2009,1,Male,Juvenile,2.6 kg,Canine distemper with secondary Cryptosporidium and babesiosis,,04/13/09
203-09,Hernandez,KS,Jefferson,Ozawkie,Raccoon,2009,1,Male,Juvenile,5 kg,Canine distemper,Negative for rabies,05/15/09
295-09,Ruder,GA,Dade,Trenton city limits,Raccoon,2009,4,Both,"Juv, Adult",4.75-9.7 lbs,Canine distemper with protozoal encephalitis (3 animals) and lungworm pneumonia (2 animals),Negative for rabies,09/14/09
359-09,Brown,FL,Lee,Fort Myers,Raccoon,2009,1,Female,Juvenile,4.0 lbs,Canine distemper,Negative for rabies,11/13/09
370-09,Ruder,LA,Beauregard,Private resident south of DeRidder,Gray Fox,2009,1,Female,Adult,9 lbs,Canine distemper,Negative for rabies,11/24/09
371-09,Ruder,KS,Mitchell,Beloit,Raccoon,2009,1,Male,Adult,7.5 lbs,Canine distemper,Negative for rabies,11/24/09
374-09,Kubiski,KS,Doniphan,Wathena,Raccoon,2009,1,Female,Adult,9 lbs,Canine distemper,Negative for rabies,11/30/09
006-10,Brown,FL,Lee,Ft. Myers,Raccoon,2010,1,Male,Juvenile,4.5 lbs,Canine distemper; protozoal encephalitis and pneumonia (Sarcocystis sp.),Negative for rabies,01/06/2010
025-10,Kubiski,LA,Beauregard,Northwest DeRidder,Raccoon,2010,1,Male,Adult,5.2 lbs,Canine distemper with toxoplasmosis and apparent trauma,Negative for rabies,01/29/10
025-10 Addendum,Kubiski,LA,Beauregard,Northwest DeRidder,Raccoon,2010,1,Male,Adult,5.2 lbs,Canine distemper with sarcocystosis and apparent trauma,PCR performed on lung tissue was positive for Sarcocystis sp.,01/29/10
026-10,Kubiski,LA,Beauregard,Northwest side of DeRidder,Gray Fox,2010,1,Female,Adult,6.1 lbs,Canine distemper with toxoplasmosis,Negative for rabies,01/29/10
026-10 Addendum,Kubiski,LA,Beauregard,Northwest DeRidder,Gray Fox,2010,1,Female,Adult,6.1 lbs,Canine distemper with toxoplasmosis,PCR performed on lung tissue was positive for Toxoplasma gondii.,01/29/10
052-10,Gerhold,KS,Lyon,Emporia,Raccoon,2010,1,Female,Adult,14 lbs,Canine distemper,,03/03/2010
065-10,Gerhold,LA,Acadia,"1084 St. Jules Rd, Iota",Raccoon,2010,1,Male,Adult,6 lbs,Canine distemper,,03/04/2010
086-10,Kubiski,TN,Cheatham,Ashland City,Raccoon,2010,1,Male,Juvenile,6.9 lbs,Canine distemper with verminous pneumonia,Negative for rabies,03/24/10
097-10,Kubiski,KS,Crawford,Brazelton,Coyote,2010,1,Female,Adult,22 lbs,Canine distemper,Negative for rabies,04/09/2010
100-10,Brown,AR,Clark,MAD 83 15 S: 0487260 E. 3753868,Gray Fox,2010,1,Male,Adult,Unknown,Canine distemper,Negative for rabies,04/13/10
234-10,Keel,TN,Davidson,Unknown,Raccoon,2010,3,Unknown,Juvenile,2.5-4.25 lbs,Canine distemper and cryptococcosis,Third raccoon was too autolyzed to be evaluated.,09/10/2010
019-11,Keel,TN,Henderson,"3037 Mt. Ararat Road, Darden",Raccoon,2011,3,Both,Adult,8.25-15.5 lbs,Canine distemper,Negative for rabies,01/13/11
020-11,Keel,TN,Henderson,"3037 Mt. Ararat Road, Darden",Raccoon,2011,1,Male,Adult,10 lbs 3 oz,Canine distemper,Negative for rabies,01/13/11
030-11,Brown,TN,Lawrence,Lawrenceburg,Raccoon,2011,1,Male,Adult,7.5 lbs,Canine distemper,Negative for rabies,01/19/11
034-11,Nemeth,FL,Clay,Camp Blanding,Gray Fox,2011,1,Female,Juvenile,Unknown,Canine distemper,Negative for rabies,01/25/11
041-11,Nemeth,FL,Clay,Camp Blanding,Raccoon,2011,1,Male,Juvenile,Unknown,"Canine distemper, pancreatic and hepatic schistosomiasis (incidental), and pulmonary nematodiasis (incidental)",Negative for rabies,01/28/11
064-11,Brown,FL,Flagler,Multiple sites,Raccoon,2011,4,Both,Adult,5.75-12.50 lbs,Canine distemper,Negative for rabies,02/22/11
073-11,Munk,GA,Randolph,Near Shealy Pond Road,Gray Fox,2011,1,Female,Unknown,3.7 kg,Canine distemper virus infection; toxoplasmosis,Negative for rabies,03/02/2011
088-11,Nemeth,VA,Clarke,"Springsbury Rd., Berryville",Raccoon,2011,1,Male,>1 yr,2.7 kg,Canine parvoviral enteritis and canine distemper,Negative for rabies,03/15/11
098-11,Ruder,MD,Anne Arundel,"1183 Mainsail Drive, Annapolis",Raccoon,2011,1,Female,Adult,7.5 lbs,Canine distemper and uterine infection,Negative for rabies,03/23/11
117-11,Munk,LA,St. Landry,Grand Coteau,Raccoon,2011,2,"M, F","Ad, Juv",2.4-3.1 kg,Canine distemper (both raccoons); toxoplasmosis and sarcocystosis (raccoon A),Negative for rabies,04/08/2011
124-11,Munk,KS,Lyon,"1515 Berkley, Emporia",Raccoon,2011,1,Female,Adult,5.4 kg,Canine distemper,Negative for rabies,04/13/11
131-11,Nemeth,TN,Overton,Standing Stone State Park,Raccoon,2011,1,Female,Adult,3.4 kg,Canine distemper and pulmonary nematodiasis,Negative for rabies,04/20/11
132-11,Nemeth,MD,Anne Arundel,Annapolis ,Gray Fox,2011,1,Female,Adult,2.8 kg,Canine distemper with bacterial hepatitis and septicemia (etiology: Listeria monocytogenes),Negative for rabies,04/21/11
148-11,Munk,KS,Ottawa,"Sec. 8-T11S-R2W, Ottawa State Fishing Lake",Raccoon,2011,1,Male,Adult,3.2 kg,Canine distemper,Fourth raccoon with similar systemptoms reported within a month from area.,05/10/2011
163-11,Ruder,LA,Clasasieu,"Fairmont Road, Westlake",Raccoon,2011,1,Male,Adul,7.2 lbs,Canine distemper virus,Negative for rabies,05/24/11
224-11,Ruder,KS,Morris,Council Grove Reservoir,Raccoon,2011,1,Male,Adult,12.75 lbs,Canine distemper,Negative for rabies,06/29/11
358-11,Brown,LA,Tangipahoa,Kentwood,Raccoon,2011,1,Male,Adult,2.9 lbs,Canine distemper,Negative for rabies,09/22/11
392-11,Ballard,KS,Ottawa,City of Minneapolis,Raccoon,2011,1,Female,Adult,13.25 lbs,Canine distemper,Negative for rabies.,10/11/2011
471-11,Keel,KY,Jefferson,"4516 Outer Loop, Lexington",Raccoon,2011,1,Female,Adult,3.77 kg,Canine distemper,Negative for rabies,12/08/2011
474-11,Nemeth,LA,Livingston,Walker,Raccoon,2011,1,Male,Juvenille,2.7 kg,"Canine distemper, and incidental pulmonary and gastric nematodiasis",Negative for rabies,12/14/11
475-11,Nemeth,LA,St. Tammany,Mandeville,Gray Fox,2011,1,Male,Adult,2.9 kg,Canine distemper,Negative for rabies,12/14/11
488-11,Nemeth,PA,Unknown,Unknown,Black Bear,2011,1,Female,Unknown,Unknown,Canine distemper,,12/16/11
002-12,Munk,NC,Guliford,"35 55.062'N, 79 57.543'W",Gray Fox,2012,1,Female,Adult,3.3 kg,Canine distemper virus infection; toxoplasmosis,Negative for rabies,01/05/2012
047-12,Ballard,TN,Overton,Hardy's Chapel,Raccoon,2012,1,Male,Unknown,4.5 kg,Canine distemper virus,Negative for rabies,02/16/12
053-12,Brown,LA,St. Tammany,Mandeville,Raccoon,2012,1,Female,Adult,6.5 lbs,Canine distemper,Negative for rabies,02/21/12
072-12,Munk,LA,St. Tammany,Madisonville,Raccoon,2012,1,Female,Adult,2.7 kg,Canine distemper with pyrometra (Streptococcus canis cultured),Negative for rabies,03/09/2012
078-12,Munk,LA,St. Tammany,Covington,Raccoon,2012,1,Female,Adult,2.8 kg,Canine distemper,Negative for rabies,03/07/2012
079-12,Munk,LA,St. Tammany,Mandeville,Raccoon,2012,1,Female,Adult,2.7 kg,Canine distemper virus infection,Negative for rabies,03/07/2012
094-12,Munk,WV,Raleigh,"Little Beaver Street, Cool Ridge",Gray Fox,2012,1,Male,Adult,4.0 kg,Canine distemper,Negative for rabies,03/20/12
098-12,Ballard,LA,Livingston,Walker,Gray Fox,2012,1,Female,Adult,6.4 lbs,Canine distemper virus,Negative for rabies,03/27/12
106-12,Munk,KY,Fayette,"2651 Palumbo Drive, Lexington",Gray Fox,2012,1,Male,Adult,3.2 kg,Canine distemper,Negative for rabies,04/04/2012
129-12,Ballard,KY,Shelby,Finchville,Raccoon,2012,1,Male,Adult,7.13 lbs,Canine distemper virus,Negative for rabies.,04/17/12
145-12,Ballard,KS,Lyon,1221 Road H,Coyote,2012,1,Female,Subadult; Adult,8.1 kg,Canine distemper virus,Negative for rabies,05/09/2012
150-12,Brown,PA,Unknown,Unknown,Striped Skunk,2012,1,Female,Adult,Unknown,Canine distemper virus,Negative for rabies,05/15/12
189-12,Munk,LA,Lafourche,Thibodaux,Raccoon,2012,1,Female,Adult,4.5 kg,Canine distemper,Negative for rabies,06/13/12
230-12,Munk,GA,Clarke,"1455 Beaver Dam Rd, Athens",Raccoon,2012,1,Female,Adult,3.0 kg,Canine distemper,Negative for rabies,07/17/12
238-12,Munk,LA,Livingston,Denham Springs,Gray Fox,2012,1,Female,Adult,2.7 kg,Canine distemper,Negative for rabies,07/18/12
260-12,Brown,PA,Allegheny,Mckeesport/ Liberty,Striped Skunk,2012,2,Female,Adult,Unknown,A&B: Canine distemper,Negative for rabies,07/26/12
305-12,Brown,PA,Pike,N41.32788 / W075.198.59,Gray Fox,2012,2,Female,Juvenille,Unknown,A&B: Canine distemper,Positive for Toxoplasma gondii,08/09/2012
573-12,Ballard,WV,Wood,"4613 6th Avenue, Vienna",Raccoon,2012,1,Male,Unknown,7 lbs,Canine distemper,Negative for rabies,10/16/12
627-12,Munk,LA,East Feliciana,Clinton,Gray Fox,2012,1,Female,Juvenille,2.8 kg,Canine distemper,Negative for rabies,11/27/12
628-12,Munk,LA,East Feliciana,Clinton,Raccoon,2012,1,Male,Adult,3.1 kg,Canine distemper,Negative for rabies,11/27/12
029-13,Last,SC,Charleston,Hanahan,Raccoon,2013,1,Female,Adult,2.25 kg,Canine distemper,Negative for rabies,02/06/2013
041-13,Ballard,KY,Fayette,UK Applied Energy Research Facility,Raccoon,2013,1,Female,Unknown,2.6 kg,Canine distemper,Negative for rabies,02/13/13
055-13,Brown,LA,Livingston,Walker,Gray Fox,2013,1,Female,Adult,3.63 kg,Canine distemper,Negative for rabies,02/26/13
064-13,Last,VA,Roanoke,Roanoke,Striped Skunk,2013,4,Both,Adult,1.1-1.6 kg,Canine distemper,Negative for rabies,03/05/2013
065-13,Last,LA,Livingston,"140 Fletcher St., Denham Springs",Raccoon,2013,1,Male,Adult,2.25 kg,Canine distemper,Negative for rabies,03/06/2013
087-13,Munk,PA,Lackawanna,"N41.438182,      W-75.661007",Striped Skunk,2013,1,Female,Adult,Unknown,Canine distemper,,03/29/13
102-13,Ballard,PA,Lackawanna,"N41.462202,      W-75.621911",Striped Skunk,2013,1,Female,Adult,Unknown,Canine distemper,Negative for rabies,04/10/2013
109-13,Last,PA,Bradford,"N41.704599,      W-76.561521",Striped Skunk,2013,1,Female,Adult,Unknown,Canine distemper,Negative for rabies,04/17/13
125-13,Brown,LA,Webster,"221 Young Blood Rd., Minden",Gray Fox,2013,1,Female,Adult,2.38 kg,Canine distemper,Negative for rabies,04/24/13
129-13,Munk,PA,Lackawanna,"N41.478152,     W-75.600196",Gray Fox,2013,1,Female,Adult,Unknown,Canine distemper,Negative for rabies,04/30/13
226-13,Brown,LA,Winn,Goldonna,Raccoon,2013,1,Male,Adult,3.8 kg,Canine distemper,Negative for rabies,07/24/13
330-13,Last,KY,Floyd,"37? 41' 52.8"",   ~82? 43' 29.9""",Raccoon,2013,1,Male,Adult,2.39kg,Canine distemper,Negative for rabies,09/17/13
338-13,Last,KY,Floyd,"37? 42' 23.4"",   82? 46' 8.7""",Gray Fox,2013,1,Female,Adult,2.45 kg,Canine distemper,Negative for rabies,09/18/13
344-13,Brown,KY,Carter,Carter Caves State Resort Park,Raccoon,2013,1,Male,Adult,3.8 kg,Canine distemper,Brain tested negative for rabies virus antigen,09/20/13
357-13,Brown,GA,Baker,J.W. Jones Ecological Research Center,Raccoon,2013,1,Male,Adult,3.4 kg,Canine distemper,Brain tested negative for rabies virus antigen,09/26/13
