CaseNumber,State,County,Area,Species,CollectionYear,Sex,Age
48811,Pennsylvania,Unknown,Unknown,Black Bear,2011,Female,Unknown
10490,Georgia,Gordon,,Coyote,1990,F,Subadult
13685,Georgia,Morgan,Godfrey,Coyote,1985,F,Subadult
18887,Georgia,Telfair,,Coyote,1987,,
9710,Kansas,Crawford,Brazelton,Coyote,2010,Female,Adult
14512,Kansas,Lyon,1221 Road H,Coyote,2012,Female,Subadult; Adult
15208,Kansas,Lyon,Area Of Hwy 99 And State Road 80,Coyote,2008,Male,<2 months
11693,South Carolina,Aiken,Savannah River,Coyote,1993,M,Adult
10010,Arkansas,Clark,Mad 83 15 S: 0487260 E. 3753868,Gray Fox,2010,Male,Adult
3411,Florida,Clay,Camp Blanding,Gray Fox,2011,Female,Juvenile
4884,Florida,Santa Rosa,,Gray Fox,1984,M,Adult
5008,Florida,Columbia,Unknown,Gray Fox,2008,Female,Subadult
5404,Florida,Collier,Collierseminole State Park,Gray Fox,2004,Female,Adult
9090,Florida,Palm Beach,Delray,Gray Fox,1990,M,Adult
17691,Florida,Palm Beach,J.W. Corbett Wildlife Management Area,Gray Fox,1991,M,Subadult
23005,Florida,Collier,Cr951/Us41,Gray Fox,2005,Male,Juvenile
31508,Florida,Pinellas,Univ Of South Florida Botanical Garden,Gray Fox,2008,Male,Adult
277,Georgia,Oconee,Farmington,Gray Fox,1977,F,SUBADULT
378,Georgia,Hall,Dewberry Church,Gray Fox,1978,M,Adult
382,Georgia,Walton,County Line Road Near Alcovy Road,Gray Fox,1981,M,Adult
383,Georgia,Jasper,,Gray Fox,1982,M,SUBADULT
582,Georgia,Stephens,Lake Russell Wma,Gray Fox,1982,F,Subadult
592,Georgia,Habersham,Clarkesville,Gray Fox,1992,M,612 MO
605,Georgia,Dawson,"1818 Perimeter Dr., Dawsonville",Gray Fox,2005,Male,Adult
676,Georgia,Morgan,Madison,Gray Fox,1976,M,Adult
792,Georgia,Floyd,Mt. Berry,Gray Fox,1991,M,Adult
892,Georgia,Floyd,Rome,Gray Fox,1992,M,Adult
977,Georgia,Clarke,Highway 78 East,Gray Fox,1977,F,Adult
983,Georgia,White,,Gray Fox,1983,F,Adult
992,Georgia,Bartow,Pine Log,Gray Fox,1992,M,Adult
1191,Georgia,Madison,North Georgia Hunting Pen,Gray Fox,1991,M,Adult
1278,Georgia,Hall,4.7 Mi. Sw Of Clermont,Gray Fox,1978,F,Subadult
1292,Georgia,White,,Gray Fox,1992,M,Adult
1392,Georgia,White,,Gray Fox,1991,F,Adult
1409,Georgia,Richmond,"5974 Deans Bridge Rd, Blythe",Gray Fox,2009,Male,Adult
1584,Georgia,Wayne,,Gray Fox,1984,F,Adult
1589,Georgia,Morgan,Madison,Gray Fox,1989,M,Adult
1786,Georgia,Brantley,,Gray Fox,1985,F,Subadult
1877,Georgia,Clarke,Old Lexington Road,Gray Fox,1977,F,Adult
1976,Georgia,Jackson,Maysville,Gray Fox,1976,F,Adult
1977,Georgia,Oconee,Farmington,Gray Fox,1977,F,Adult
2077,Georgia,Clarke,,Gray Fox,1977,F,Adult
2492,Georgia,Oconee,,Gray Fox,1992,M,Adult
2591,Georgia,Gilmer,Big Creek Road,Gray Fox,1991,F,Adult
2677,Georgia,Clarke,Athens,Gray Fox,1977,F,Adult
2788,Georgia,White,Shoal Creek Communtity,Gray Fox,1988,F,Adult
2894,Georgia,Barrow,Bethlehem,Gray Fox,1994,M,Adult
2976,Georgia,Jackson,Route 1  Jefferson,Gray Fox,1976,M,Adult
2990,Georgia,Forsyth,,Gray Fox,1990,F,Adult
2993,Georgia,Candler,Metter,Gray Fox,1993,F,Adult
3001,Georgia,Hall,Walter Stover Road,Gray Fox,2001,Male,Young Adult
3083,Georgia,Gordon,,Gray Fox,1982,F,Adult
3098,Georgia,Candler,Metter,Gray Fox,1998,Male,Adult
3178,Georgia,Habersham,Clarkesville,Gray Fox,1978,M,Subadult
3188,Georgia,Effingham,,Gray Fox,1988,M,Adult
3494,Georgia,Evans,Claxton,Gray Fox,1994,F,Adult
3585,Georgia,Lumpkin,Ranger Camp,Gray Fox,1985,M,Adult
3795,Georgia,Chattoogna,Subligna,Gray Fox,1995,M,ADULT
3887,Georgia,Bartow,75 Rv Park Near Cartersville,Gray Fox,1987,F,Adult
3889,Georgia,Lumpkin,Tate Bridge Section,Gray Fox,1989,M,Adult
3985,Georgia,Hall,Gillsville Community,Gray Fox,1985,F,Adult
4293,Georgia,Henry,Mcdonough,Gray Fox,1993,F,Adult
4392,Georgia,Cherokee,,Gray Fox,1992,F,Adult
4487,Georgia,Oglethorpe,"Forbes Store, Route 77",Gray Fox,1987,M,SUBAD
4502,Georgia,Glynn,Ga Power Plant Mcmanus,Gray Fox,2002,Female,Adult
4575,Georgia,Jackson,Arcade,Gray Fox,1975,F,Adult
4679,Georgia,Elbert,8 Miles North Elberton,Gray Fox,1979,F,Adult
4778,Georgia,Gordon,,Gray Fox,1978,M,Adult
4798,Georgia,Ben Hill,Fitzgerald,Gray Fox,1998,Male,Adult
4984,Georgia,Jasper,,Gray Fox,1984,F,Adult
4987,Georgia,Chattooga,Lyerly,Gray Fox,1987,M,Adult
4990,Georgia,Gordon,,Gray Fox,1990,F,Adult
5087,Georgia,Gordon,,Gray Fox,1987,F,Adult
5178,Georgia,Gordon,Calhoun,Gray Fox,1978,M,Adult
5383,Georgia,White,,Gray Fox,1983,F,Adult
5493,Georgia,Wayne,Jesup,Gray Fox,1993,M,Adult
5684,Georgia,Brantley,,Gray Fox,1984,M,SUBADULT
5802,Georgia,Fayette,Peachtree Parkway And Waterwood Bend,Gray Fox,2002,Male,Adult
5875,Georgia,Walton,Hard Labor Creek State Park,Gray Fox,1975,M,Adult
5975,Georgia,Morgan,Monroe,Gray Fox,1975,M,Adult
5988,Georgia,Elbert,Rockbranch,Gray Fox,1988,M,Adult
6075,Georgia,Morgan,Madison,Gray Fox,1975,F,Adult
6286,Georgia,Walton,Campton Gratis Road,Gray Fox,1986,F,45 WK
6286,Georgia,Walton,Campton Gratis Road,Gray Fox,1986,M,45 WK
6485,Georgia,Floyd,,Gray Fox,1985,F,Adult
6687,Georgia,Rabun,Seed Lake,Gray Fox,1987,F,Adult
7195,Georgia,Stephens,Highway 17,Gray Fox,1995,M,Adult
7196,Georgia,Dawson,Amicalola State Park,Gray Fox,1996,F,Adult
7290,Georgia,Gwinnett,Loganville,Gray Fox,1990,M,Adult
7311,Georgia,Randolph,Near Shealy Pond Road,Gray Fox,2011,Female,Unknown
7583,Georgia,Lumpkin,,Gray Fox,1983,F,Adult
7591,Georgia,Oconee,Watkinsville,Gray Fox,1991,M,Adult
7593,Georgia,Hall,Gainesville,Gray Fox,1993,M,Adult
7688,Georgia,White,Duke'S Creek Farm,Gray Fox,1988,F,Adult
7689,Georgia,Lumpkin,Dahlonega,Gray Fox,1989,F,Adult
7885,Georgia,Walker,,Gray Fox,1985,F,Adult
8083,Georgia,Warren,Thomson District,Gray Fox,1983,F,Adult
8085,Georgia,Cherokee,Reinhardt College,Gray Fox,1985,F,Adult
8285,Georgia,Oconee,,Gray Fox,1985,F,Adult
8688,Georgia,Columbia,Martinez,Gray Fox,1988,F,Adult
9295,Georgia,Stephens,Toccoa,Gray Fox,1995,F,Adult
9383,Georgia,Cobb,Marietta,Gray Fox,1983,M,Subadult
9384,Georgia,Lumpkin,Chestatee Wma,Gray Fox,1984,M,SUBADULT
9483,Georgia,Cobb,Marietta,Gray Fox,1983,F,Subadult
10083,Georgia,Walker,,Gray Fox,1983,F,Adult
10278,Georgia,Floyd,,Gray Fox,1978,M,Adult
10283,Georgia,Walker,,Gray Fox,1983,M,Adult
10383,Georgia,Walker,Chickamauga,Gray Fox,1983,F,Adult
10587,Georgia,Madison,Paoli,Gray Fox,1987,F,Subadult
11392,Georgia,Floyd,,Gray Fox,1992,F,Adult
11492,Georgia,Floyd,Lindale,Gray Fox,1992,F,Adult
11587,Georgia,Clarke,Langford Road And Jimmy Daniels Road,Gray Fox,1987,M,Adult
11892,Georgia,Floyd,Mt. Berry,Gray Fox,1992,M,Adult
11987,Georgia,Walton,,Gray Fox,1987,M,SUBADULT
12190,Georgia,Gwinnett,Lake Lanier,Gray Fox,1990,F,Adult
12394,Georgia,Treutlen,Near I16,Gray Fox,1994,F,ADULT
12505,Georgia,Troup,Holiday Campground,Gray Fox,2005,Female,Adult
13286,Georgia,Long,Near Ludowici Highway 29,Gray Fox,1986,F,Subadult
13295,Georgia,Stephens,Toccoa,Gray Fox,1995,F,Adult
13581,Georgia,Clayton,College Park,Gray Fox,1981,F,Subadult
13690,Georgia,Troup/Meriwether/Harris,Pine Mountain,Gray Fox,1990,M,Adult
13788,Georgia,Madison,Shiloh Communitiy,Gray Fox,1988,F,Adult
13789,Georgia,Lumpkin,Dalhoveys,Gray Fox,1989,F,Adult
14286,Georgia,Oconee,P.E. Thomas Farm,Gray Fox,1986,M,Adult
14488,Georgia,Rabun,Tahoe Road  Golf Course,Gray Fox,1988,M,Adult
14586,Georgia,Oglethorpe,,Gray Fox,1986,F,Adult
14587,Georgia,Floyd,Rome,Gray Fox,1987,F,Adult
14883,Georgia,Wilkes,,Gray Fox,1983,M,Adult
15289,Georgia,Lumpkin,Rock House And Barney Fields Road,Gray Fox,1989,M,Adult
15583,Georgia,Brantley,,Gray Fox,1983,F,SUBADULT
15887,Georgia,Fulton,Medlock Bridge Subdivision,Gray Fox,1987,F,Adult
15999,Georgia,Rabun,Black Rock State Park,Gray Fox,1999,Female,Juvenile
16291,Georgia,Bartow,Kingston,Gray Fox,1991,F,SUBADULT
16291,Georgia,Whitfield,,Gray Fox,1991,F,Adult
16391,Georgia,Bartow,Kingston,Gray Fox,1991,F,Subadult
17082,Georgia,Jackson,,Gray Fox,1982,F,Adult
17687,Georgia,Clarke,,Gray Fox,1987,F,Adult
17788,Georgia,White,,Gray Fox,1988,M,Adult
17891,Georgia,Forsyth,Cumming,Gray Fox,1991,M,Adult
18787,Georgia,Elbert,Rock Branch,Gray Fox,1987,M,Subadult
18788,Georgia,White,,Gray Fox,1988,F,Adult
18804,Georgia,Houston,Warner Robins,Gray Fox,2004,Male,Juvenile
19591,Georgia,Whitfield,,Gray Fox,1991,F,Adult
20391,Georgia,Forsyth,Cumming,Gray Fox,1991,F,Adult
22088,Georgia,Glynn,,Gray Fox,1988,F,Subadult
23591,Georgia,Bartow,,Gray Fox,1991,F,Adult
23791,Georgia,Fannin,5 Mi North Of Blue Ridge,Gray Fox,1991,M,Adult
23804,Georgia,Peach,"Dunbar Road, Byron",Gray Fox,2004,Male,Adult
24204,Georgia,Dougherty,Marine Corps Logistics Base (Warehouse),Gray Fox,2004,Male,Adult
24988,Georgia,White,Duke Creek Joe Franklin Road,Gray Fox,1988,F,SUBADULT
26288,Georgia,Stephens,Ton'S Creek,Gray Fox,1988,F,SUBADULT
5006,Kansas,Neosho,Chanute,Gray Fox,2006,Male,Adult
8603,Kansas,Crawford,221 Hush St. Frontenac,Gray Fox,2003,Female,Adult
6182,Kentucky,Lyon,Hillman Ferry Campground,Gray Fox,1982,F,Adult
10612,Kentucky,Fayette,"2651 Palumbo Drive, Lexington",Gray Fox,2012,Male,Adult
33813,Kentucky,Floyd,"37? 42' 23.4"",   82? 46' 8.7""",Gray Fox,2013,Female,Adult
2610,Louisiana,Beauregard,Northwest Side Of Deridder,Gray Fox,2010,Female,Adult
5513,Louisiana,Livingston,Walker,Gray Fox,2013,Female,Adult
9812,Louisiana,Livingston,Walker,Gray Fox,2012,Female,Adult
12513,Louisiana,Webster,"221 Young Blood Rd., Minden",Gray Fox,2013,Female,Adult
15193,Louisiana,Madison,Tensas River National Wildlife Refuge,Gray Fox,1993,F,Subadult
23812,Louisiana,Livingston,Denham Springs,Gray Fox,2012,Female,Adult
37009,Louisiana,Beauregard,Private Resident South Of Deridder,Gray Fox,2009,Female,Adult
47511,Louisiana,St. Tammany,Mandeville,Gray Fox,2011,Male,Adult
62712,Louisiana,East Feliciana,Clinton,Gray Fox,2012,Female,Juvenille
02610 Addendum,Louisiana,Beauregard,Northwest Deridder,Gray Fox,2010,Female,Adult
1887,Maryland,Alleghany,Cumberland,Gray Fox,1987,,
13211,Maryland,Anne Arundel,Annapolis ,Gray Fox,2011,Female,Adult
6884,Mississippi,,,Gray Fox,1984,F,2.5 YR
212,North Carolina,Guliford,"35 55.062'N, 79 57.543'W",Gray Fox,2012,Female,Adult
5090,North Carolina,Craven,Cherry Point Mcas,Gray Fox,1990,F,N/A
5291,North Carolina,Pamlico,Cherry Point Mcas,Gray Fox,1991,M,Adult
8191,North Carolina,Pamlico,Cash Corner,Gray Fox,1990,F,Adult
8291,North Carolina,Pamlico,Hwy 55 Near Craven Co. Line,Gray Fox,1990,M,Adult
8391,North Carolina,Craven,New Bern,Gray Fox,1990,F,Adult
8591,North Carolina,Craven,Cove City,Gray Fox,1991,F,Adult
9091,North Carolina,Craven,Us 17 N Of Bridgeton,Gray Fox,1991,F,Adult
11183,North Carolina,Rowan,Salisbury,Gray Fox,1983,F,Subadult
11383,North Carolina,Clarke,Uga Veterinary Farm,Gray Fox,1983,F,Adult
14789,North Carolina,Pamlico,Cherry Point Naval Air Station,Gray Fox,1989,,
14889,North Carolina,Pamlico,Cherry Point Naval Air Station,Gray Fox,1989,,
14989,North Carolina,Pamlico,Cherry Point Naval Air Station,Gray Fox,1989,,
16089,North Carolina,Craven,Cherry Point Mcas,Gray Fox,1989,F,Subadult
16789,North Carolina,Craven,Cherry Point Mcas,Gray Fox,1989,M,
17089,North Carolina,Craven,Cherry Point Mcas,Gray Fox,1989,M,
17189,North Carolina,Craven,Cherry Point Mcas,Gray Fox,1989,M,
12913,Pennsylvania,Lackawanna,"N41.478152,     W75.600196",Gray Fox,2013,Female,Adult
30512,Pennsylvania,Pike,N41.32788 / W075.198.59,Gray Fox,2012,Female,Juvenille
291,South Carolina,Pickens,,Gray Fox,1991,F,Adult
393,South Carolina,Richland,,Gray Fox,1993,F,612 MO
989,South Carolina,Aiken,,Gray Fox,1989,F,Adult
991,South Carolina,Pickens,,Gray Fox,1991,M,Adult
3990,South Carolina,Richland,Fort Jackson,Gray Fox,1990,F,Adult
5583,South Carolina,Pickens,,Gray Fox,1983,M,Adult
6288,South Carolina,Georgetown,Cat Island,Gray Fox,1988,M,Adult
6495,South Carolina,Pickens,Clemson,Gray Fox,1995,F,1YR
6393,Tennessee,,Old Hickory,Gray Fox,1993,M,Adult
14190,Tennessee,Hamblen,,Gray Fox,1990,NA,NA
2295,Virginia,Stafford,Upper Mill Way,Gray Fox,1995,M,Adult
3793,Virginia,Virginia Beach,Muddy Creek Road,Gray Fox,1992,M,Adult
3893,Virginia,Virginia Beach,Lago Mar Subdivision,Gray Fox,1992,M,Adult
6387,Virginia,Goochland,Deep Run Hunt Club,Gray Fox,1987,F,Adult
8488,Virginia,Accomack,,Gray Fox,1988,,
9882,Virginia,Smyth,Clinch Mountain Wma,Gray Fox,1982,M,1 YR
9982,Virginia,Smyth,,Gray Fox,1982,M,1.5 YR
10082,Virginia,Smyth,Clinch Mountain Wma,Gray Fox,1982,M,Adult
11890,Virginia,Fluvanna,Lake Monticello,Gray Fox,1990,M,Subadult
14595,Virginia,Stafford,Lincoln Drive Residence,Gray Fox,1995,M,SUBADULT
15881,Virginia,Wythe,Rural Retreat,Gray Fox,1981,F,Adult
16981,Virginia,Fincastle,,Gray Fox,1981,F,Adult
3002,West Virginia,Romney,Hampshire,Gray Fox,2002,Female,Adult
6487,West Virginia,Lewis,,Gray Fox,1987,F,Adult
6602,West Virginia,Hampshire,Unknown,Gray Fox,2002,Female,Adult
7283,West Virginia,Wetzel,New Martinsville,Gray Fox,1983,,
9412,West Virginia,Raleigh,"Little Beaver Street, Cool Ridge",Gray Fox,2012,Male,Adult
11288,West Virginia,Mason,Mason Grade School,Gray Fox,1988,F,Adult
11388,West Virginia,Mason,Mason Grade School,Gray Fox,1988,F,Adult
27588,West Virginia,Marion,Fairmont 1/2 Mile From Shopping Mall,Gray Fox,1988,F,Adult
27688,West Virginia,Randolph,Catholic Conference Center Near Huttonsville,Gray Fox,1988,F,Adult
4383,Georgia,Carroll,,Gray wolf,1983,F,SUBADULT
5083,Georgia,Carroll,,Gray wolf,1983,M,SUBADULT
5183,Georgia,Carroll,,Gray wolf,1983,M,SUBADULT
4407,Florida,Collier,Fakahatchee Strand,Mink,2007,Male,Adult
2292,Alabama,Barbour,,Raccoon,1992,,
9391,Alabama,Dekalb,"Coner Scout Camp, Near Mentone",Raccoon,1991,F,Adult
610,Florida,Lee,Ft. Myers,Raccoon,2010,Male,Juvenile
3302,Florida,Leon,,Raccoon,2002,,
3802,Florida,Leon,Tall Timbers Research Station,Raccoon,2002,Male,Adult
4111,Florida,Clay,Camp Blanding,Raccoon,2011,Male,Juvenile
6411,Florida,Flagler,Multiple Sites,Raccoon,2011,Both,Adult
6591,Florida,Leon,Tall Timbers Research Station,Raccoon,1991,F,Adult
7403,Florida,Leon,,Raccoon,2003,Male,Adult
8993,Florida,Volusia,Canaveral National Seashore,Raccoon,1993,M,Adult
11106,Florida,Manatee,Unknown,Raccoon,2006,Male,Adult
11206,Florida,Manatee,Unknown,Raccoon,2006,Female,Juvenile
14309,Florida,Santa Rosa,Milton,Raccoon,2009,Both,Adult
18983,Florida,Gadsden,Joe Budd Wma,Raccoon,1983,,
35909,Florida,Lee,Fort Myers,Raccoon,2009,Female,Juvenile
276,Georgia,Morgan,Rutledge,Raccoon,1976,F,Subadult
283,Georgia,Jasper,,Raccoon,1982,F,SUBADULT
386,Georgia,Rockdale,Chastine Gooden Property,Raccoon,1986,M,Subadult
388,Georgia,Floyd,Berry College,Raccoon,1987,M,SUBADULT
396,Georgia,Stephens,Toccoa Falls College Campus,Raccoon,1996,M,Adult
488,Georgia,Floyd,Rome,Raccoon,1986,F,SUBADULT
691,Georgia,Clarke,Athens,Raccoon,1991,F,Subadult
705,Georgia,Lumpkin,Siloam Church Rd,Raccoon,2005,Male,Adult
782,Georgia,Madison,Comer,Raccoon,1982,F,Adult
793,Georgia,Douglas,Lithia Springs,Raccoon,1993,F,Adult
796,Georgia,Floyd,Mathis Road,Raccoon,1995,F,Adult
805,Georgia,Forsyth,Babcock/Webb Wma,Raccoon,2005,Male,Adult
893,Georgia,Douglas,Lithia Springs,Raccoon,1993,M,Adult
895,Georgia,Union,,Raccoon,1995,M,JUVENILE
986,Georgia,Dougherty,Marine Base,Raccoon,1985,M,Subadult
1092,Georgia,Gordon,Ranger,Raccoon,1992,F,Subadult
1181,Georgia,Oconee,Brittain Estates,Raccoon,1981,M,Adult
1184,Georgia,Oconee,,Raccoon,1984,M,Subadult
1197,Georgia,Walton,"Mt Paron Road, Monroe",Raccoon,1997,Male,Juvenile
1377,Georgia,Oconee,Harris Shoals,Raccoon,1977,F,Adult
1385,Georgia,Gwinnett,,Raccoon,1985,M,Adult
1476,Georgia,Jackson,,Raccoon,1976,F,Subadult
1484,Georgia,Lumpkin,,Raccoon,1984,F,Adult
1488,Georgia,Dougherty,Albany,Raccoon,1988,M,Adult
1586,Georgia,Henry,Stockbridge,Raccoon,1986,M,Subadult
1587,Georgia,Newton,"Highway 36, Covington",Raccoon,1987,M,Adult
1593,Georgia,Haralson,,Raccoon,1993,F,Adult
1775,Georgia,Newton,Mansfield,Raccoon,1975,M,Adult
1777,Georgia,Oconee,Athen'S Academy,Raccoon,1977,M,Adult
1781,Georgia,Bartow,,Raccoon,1981,M,
1881,Georgia,Oconee,Watkinsville,Raccoon,1981,M,Adult
1888,Georgia,Oglethorpe,Comer,Raccoon,1988,M,Adult
1893,Georgia,Camden,Woodbine,Raccoon,1993,F,Subadult
1982,Georgia,Oglethorpe,James Slay Farm,Raccoon,1982,F,Subadult
1988,Georgia,Newton,Morgan Road,Raccoon,1988,F,SUBADULT
2184,Georgia,Baldwin,Milledgeville,Raccoon,1984,M,Adult
2282,Georgia,Clarke,Barnett Shoals Road,Raccoon,1982,M,Adult
2284,Georgia,Appling,,Raccoon,1984,F,SUBADULT
2389,Georgia,Morgan,Madison,Raccoon,1989,F,Adult
2476,Georgia,Monroe,Forsythe  Maynard Church Road,Raccoon,1976,M,Subadult
2485,Georgia,Oglethorpe,Smithsonia Road,Raccoon,1985,F,Adult
2489,Georgia,Habersham,Clarkesville,Raccoon,1989,F,Adult
2491,Georgia,Rabun,Rabun Gap School,Raccoon,1991,M,Adult
2587,Georgia,Newton,Ellington Road,Raccoon,1987,M,Adult
2595,Georgia,Morgan,Rutledge,Raccoon,1995,F,JUV
2806,Georgia,Clarke,Athens Five Points Neighborhood,Raccoon,2006,Both,Adult
2891,Georgia,Oconee,,Raccoon,1991,M,Adult
3076,Georgia,Monroe,,Raccoon,1976,F,SUBADULT
3081,Georgia,Oconee,Watkinsville,Raccoon,1981,M,SUBADULT
3090,Georgia,Gordon,Hidden Creek Recreational Area,Raccoon,1990,M,Adult
3095,Georgia,Stephens,Toccoa,Raccoon,1995,N/A,ADULT
3192,Georgia,Bacon,Nicholls,Raccoon,1992,F,Adult
3195,Georgia,Stephens,Toccoa,Raccoon,1995,N/A,ADULT
3406,Georgia,Coweta,"2117 W. Grantville Rd, Grantville",Raccoon,2006,Male,Juvenile
3586,Georgia,Wilcox,Ocmulgee River,Raccoon,1986,M,Subadult
3592,Georgia,Ware,Fitzgerald,Raccoon,1992,M,Subadult
3681,Georgia,Oconee,Watkinsville,Raccoon,1981,F,Subadult
3686,Georgia,Wilcox,Ocmulgee River,Raccoon,1986,M,Adult
3706,Georgia,Clarke,370 Church Street,Raccoon,2006,Female,Adult
3786,Georgia,Pulaski,Ocmulgee River,Raccoon,1986,F,Subadult
3806,Georgia,Clarke,Athens Five Points Neighborhood,Raccoon,2006,Male,Adult
3906,Georgia,Clarke,"5Points Area, Athens",Raccoon,2006,Female,Adult
3984,Georgia,Towns,,Raccoon,1984,F,SUBADULT
3992,Georgia,Bartow,,Raccoon,1992,M,Adult
4092,Georgia,Floyd,,Raccoon,1992,M,Adult
4282,Georgia,Clarke,Ed Hammer Residence,Raccoon,1982,M,Adult
4289,Georgia,Glynn,Bell Point,Raccoon,1989,F,Adult
4290,Georgia,Floyd,Armuchee,Raccoon,1990,M,Adult
4389,Georgia,Glynn,Brunswick,Raccoon,1989,M,Adult
4390,Georgia,Floyd,Armuchee,Raccoon,1990,F,Adult
4489,Georgia,Glynn,,Raccoon,1989,F,Adult
4597,Georgia,Walton,Social Circle,Raccoon,1997,Male,Adult
4692,Georgia,Forsyth,Cumming,Raccoon,1992,F,Adult
4703,Georgia,Glynn,St. Simon'S Island,Raccoon,2003,Male,Adult
4789,Georgia,White,Red Road Near Clarmont,Raccoon,1989,M,Adult
4790,Georgia,Gordon,Johns Mountain Wildlife Management Area,Raccoon,1990,M,Adult
4792,Georgia,Floyd,,Raccoon,1992,M,Adult
4880,Georgia,Morgan,South Of Madison,Raccoon,1980,F,Subadult
4887,Georgia,Chattooga,Bill Worsham Property,Raccoon,1987,M,SUBADULT
4890,Georgia,Gordon,,Raccoon,1990,F,Adult
4892,Georgia,Floyd,Mt. Berry,Raccoon,1992,M,Adult
4986,Georgia,Brooks,Tallokas Plantation,Raccoon,1986,M,Adult
4992,Georgia,Cobb,,Raccoon,1992,F,Adult
5077,Georgia,Walton,Bryant Farm,Raccoon,1977,M,Subadult
5092,Georgia,Floyd,Mt. Berry,Raccoon,1992,F,Subadult
5276,Georgia,Jackson,River Road,Raccoon,1976,F,Adult
5282,Georgia,Stewart,Lumpkin,Raccoon,1982,F,SUBADULT
5306,Georgia,Coweta,Moreland,Raccoon,2006,Female,Unknown
5381,Georgia,Putnam,B.F.Grant Wma,Raccoon,1981,F,Adult
5382,Georgia,Wilkes,,Raccoon,1982,M,SUBADULT
5406,Georgia,Coweta,Sparksburg,Raccoon,2006,Female,Unknown
5482,Georgia,Floyd,,Raccoon,1982,M,Adult
5483,Georgia,Rabun,,Raccoon,1983,F,SUBADULT
5584,Georgia,Clarke,Whitehall,Raccoon,1984,F,SUBADULT
5678,Georgia,Elbert,,Raccoon,1978,F,Adult
5682,Georgia,Gordon,Calhoun,Raccoon,1982,M,Adult
5783,Georgia,Greene,,Raccoon,1983,M,Adult
5794,Georgia,Mcintosh,Sapelo Island,Raccoon,1994,M,Adult
5888,Georgia,Bryan,Richmond Hill,Raccoon,1988,F,Adult
5982,Georgia,Walton,Walton,Raccoon,1982,F,Adult
6078,Georgia,Floyd,Berry College Gma,Raccoon,1978,F,Adult
6082,Georgia,Taliaferro,Crawfordville,Raccoon,1982,M,Adult
6089,Georgia,Walton,Alcovy River And Highway 81,Raccoon,1989,F,Adult
6190,Georgia,Hall,Gainesville,Raccoon,1990,M,Adult
6488,Georgia,Chatham,Ossabaw Island,Raccoon,1988,M,SUBADULT
6492,Georgia,Forsyth,Cumming,Raccoon,1992,F,Subadult
6588,Georgia,Morgan,Madison,Raccoon,1988,M,Adult
6592,Georgia,Jefferson,,Raccoon,1992,M,Subadult
6682,Georgia,Oglethorpe,Arnoldville,Raccoon,1982,F,Adult
6688,Georgia,Effingham,Springfield,Raccoon,1988,M,Adult
6782,Georgia,Elbert,Elberton,Raccoon,1982,M,Subadult
6784,Georgia,White,Tray Mountain,Raccoon,1984,F,Subadult
6788,Georgia,Clarke,Old Lexington Road,Raccoon,1988,F,Adult
6801,Georgia,Floyd,Berry College Campus,Raccoon,2001,Both,"Adult, Juvenile"
6882,Georgia,Banks,Maysville,Raccoon,1982,F,Subadult
6984,Georgia,Habersham,Alto,Raccoon,1984,F,Adult
7080,Georgia,Morgan,Appalachee,Raccoon,1980,F,Subadult
7084,Georgia,Rabun,,Raccoon,1984,M,Adult
7206,Georgia,Clarke,"Barnett Shoals Rd., Athens",Raccoon,2006,Female,Adult
7387,Georgia,Jackson,"Highway 330, South Of Oconee River",Raccoon,1987,M,Adult
7393,Georgia,Camden,Devon Street,Raccoon,1993,M,Adult
7486,Georgia,Dekalb,Lithonia,Raccoon,1986,F,Subadult
7493,Georgia,Hall,Gainesville,Raccoon,1993,F,Subadult
7793,Georgia,Camden,St. Marys,Raccoon,1993,F,Adult
7893,Georgia,Camden,St. Marys,Raccoon,1993,F,Adult
7983,Georgia,Madison,Ila,Raccoon,1983,F,SUBADULT
8096,Georgia,Hall,Oakwood,Raccoon,1996,M,Adult
8096,Georgia,Hall,Oakwood,Raccoon,1996,M,Adult
8183,Georgia,Glynn,Sea Island,Raccoon,1983,F,Adult
8185,Georgia,Floyd,Berry College,Raccoon,1985,M,SUBADULT
8187,Georgia,Chatham,Ossabaw Island,Raccoon,1987,,
8283,Georgia,Mcintosh,Sapelo Island,Raccoon,1983,M,Adult
8287,Georgia,Chatham,Ossabaw Island,Raccoon,1987,,
8288,Georgia,Glynn,,Raccoon,1988,M,Adult
8293,Georgia,Banks,Gainesville,Raccoon,1993,F,Adult
8296,Georgia,Hall,Oakwood,Raccoon,1996,M,Adult
8387,Georgia,Chatham,Ossabaw Island,Raccoon,1987,M,Adult
8388,Georgia,Bryan,,Raccoon,1988,F,Adult
8576,Georgia,Clarke,Thomas Textile Mill,Raccoon,1976,F,Adult
8581,Georgia,Morgan,Hard Labor Creek State Park,Raccoon,1981,M,SUBADULT
8590,Georgia,Hall,Oakwood Mcdonalds Restaurant,Raccoon,1990,F,Adult
8681,Georgia,Newton,,Raccoon,1981,,
8689,Georgia,Greene,Greensboro,Raccoon,1989,F,Adult
8781,Georgia,Oconee,Highlousisianand Oakansass,Raccoon,1981,F,Adult
8883,Georgia,Madison,Blousisianackansasscreek Road,Raccoon,1983,M,Adult
8885,Georgia,Newton,,Raccoon,1985,M,Adult
8886,Georgia,Madison,Comer,Raccoon,1986,M,Adult
8983,Georgia,Habersham,Ivy Mountain,Raccoon,1983,F,Adult
9101,Georgia,Hall,Gainesville,Raccoon,2001,Male,Adult
9182,Georgia,Taliaferro,Crawfordville,Raccoon,1982,M,SUBADULT
9184,Georgia,Habersham,,Raccoon,1984,F,Adult
9187,Georgia,Oglethorpe,Oglethorpe Lake,Raccoon,1987,F,Adult
9190,Georgia,Hall,Gainesville,Raccoon,1990,F,Adult
9284,Georgia,Hall,Lake Lanier Islands Park,Raccoon,1984,F,SUBADULT
9288,Georgia,Clarke,Athens,Raccoon,1988,M,Adult
9387,Georgia,Chatham,Ossabaw Island,Raccoon,1987,F,Adult
9388,Georgia,Glynn,Sea Island,Raccoon,1988,M,Subadult
9588,Georgia,Glynn,Saint Simons Island,Raccoon,1988,M,Adult
9593,Georgia,Forsyth,Cumming,Raccoon,1993,M,Adult
9687,Georgia,Chatham,Ossabaw Island,Raccoon,1987,,
9706,Georgia,Clarke,State Botanical Gardens,Raccoon,2006,Female,Adult
9778,Georgia,Jasper,Monticello,Raccoon,1978,F,Subadult
9787,Georgia,Chatham,Ossabaw Island,Raccoon,1987,M,Subadult
9788,Georgia,Chatham,Ossabaw Island,Raccoon,1988,M,Adult
9809,Georgia,Mcintosh,Sanctuary On The Sapelo,Raccoon,2009,Female,Adult
9878,Georgia,Elbert,Fortsonia,Raccoon,1978,F,Subadult
9888,Georgia,Morgan,3 Miles West Of Madison,Raccoon,1988,M,Adult
9977,Georgia,Columbia,,Raccoon,1977,F,Subadult
10088,Georgia,Habersham,Clarkesville/Demorest,Raccoon,1988,M,Adult
10089,Georgia,Greene,Greensboro,Raccoon,1989,F,Subadult
10201,Georgia,White,"Poplar Stump Road, 2 Miles North Of Robertstown",Raccoon,2001,Female,Adult
10386,Georgia,Mcintosh,Harris Neck Natl. Wildl. Refuge,Raccoon,1986,F,Adult
10483,Georgia,Cherokee,,Raccoon,1983,M,Adult
10590,Georgia,Gordon,,Raccoon,1990,F,Adult
10690,Georgia,Floyd,,Raccoon,1990,M,Adult
10777,Georgia,Clarke,Athens,Raccoon,1977,F,Subadult
11082,Georgia,Elbert,,Raccoon,1982,M,SUBADULT
11281,Georgia,Oglethorpe,Watson Mill State Park,Raccoon,1981,M,Adult
11482,Georgia,Elbert,,Raccoon,1982,F,Adult
11486,Georgia,Bryan,Fort Mcallister Historic Park,Raccoon,1986,F,SUBADULT
11487,Georgia,Clarke,Clarke Woods Road,Raccoon,1987,M,Adult
11586,Georgia,Bryan,Fort Mcallister Historic Park,Raccoon,1986,F,SUBADULT
11682,Georgia,Clarke,Camp Kelley,Raccoon,1982,F,SUBADULT
12081,Georgia,Oglethorpe,,Raccoon,1981,M,Adult
12086,Georgia,Catoosa,Summerville,Raccoon,1986,F,Adult
12096,Georgia,Pickens,Big Canoe,Raccoon,1996,F,Subadult
12180,Georgia,Morgan,Appalachee,Raccoon,1980,M,Adult
12191,Georgia,Forsyth,,Raccoon,1991,F,Adult
12280,Georgia,Richmond,Thomson,Raccoon,1980,M,Adult
12390,Georgia,Gwinnett,Lake Lanier,Raccoon,1990,M,Adult
12482,Georgia,Madison,,Raccoon,1982,M,Adult
12488,Georgia,Glynn,Sea Island,Raccoon,1988,F,Adult
12579,Georgia,Habersham,Tallulah Falls,Raccoon,1979,F,Subadult
12606,Georgia,Coweta,Austin Road,Raccoon,2006,Female,Adult
12688,Georgia,Glynn,Saint Simons Island,Raccoon,1988,F,Adult
12689,Georgia,Rabun,Moccasin Creek State Park  Kastner'S Campground,Raccoon,1989,M,Adult
12781,Georgia,Oglethorpe,Lexington,Raccoon,1981,M,Adult
12786,Georgia,Newton,Almon,Raccoon,1986,F,Subadult
12788,Georgia,Glynn,Saint Simons Island,Raccoon,1988,F,Adult
12887,Georgia,Oglethorpe,Sandy Cross Community,Raccoon,1987,F,Adult
12892,Georgia,Cherokee,Woodstock,Raccoon,1992,F,Adult
12992,Georgia,Cherokee,Woodstock,Raccoon,1992,M,Subadult
13188,Georgia,Glynn,Sea Island,Raccoon,1988,F,Adult
13206,Georgia,Mcintosh,Sapelo Hammock Golf Club,Raccoon,2006,Male,Adult
13301,Georgia,Forsyth,Unknown,Raccoon,2001,Female,Adult
13388,Georgia,Glynn,Saint Simons Island,Raccoon,1988,M,Adult
13395,Georgia,Stephens,Toccoa,Raccoon,1995,F,ADULT
13588,Georgia,Habersham,Demorest,Raccoon,1988,F,Adult
13888,Georgia,Lumpkin,Highway 52 At Chestatee River Bridge,Raccoon,1988,F,Adult
13891,Georgia,Rabun,,Raccoon,1991,F,Adult
13988,Georgia,Putnam,Eatonton,Raccoon,1988,M,Adult
14088,Georgia,Glynn,,Raccoon,1988,M,Adult
14288,Georgia,Glynn,Sea Island,Raccoon,1988,M,Adult
14380,Georgia,Richmond,South Augusta,Raccoon,1980,F,Subadult
14383,Georgia,Rabun,,Raccoon,1983,F,Subadult
14388,Georgia,Glynn,,Raccoon,1988,M,Adult
14486,Georgia,Newton,,Raccoon,1986,F,Subadult
14583,Georgia,Mcduffie,Raysville,Raccoon,1983,M,SUBADULT
14588,Georgia,Glynn,Sea Island,Raccoon,1988,F,Adult
14592,Georgia,Catoosa,Haywood Valley,Raccoon,1992,F,Adult
14682,Georgia,Jackson,Center,Raccoon,1982,M,Adult
14688,Georgia,Glynn,Saint Simons Island,Raccoon,1988,F,Adult
14806,Georgia,Coweta,Palmetto Pines Road,Raccoon,2006,Male,Adult
14892,Georgia,Cherokee,,Raccoon,1992,F,Adult
14988,Georgia,Putnam,Eatonton,Raccoon,1988,M,Subadult
15188,Georgia,Banks,,Raccoon,1988,,Adult
15282,Georgia,Mcduffie,Clarke Hill Wma,Raccoon,1982,F,Adult
15688,Georgia,Madison,Carlton,Raccoon,1988,F,Adult
15787,Georgia,Oconee,1300 Willusher Road,Raccoon,1987,M,Adult
15883,Georgia,Greene,Greshamville,Raccoon,1983,F,Adult
15889,Georgia,Hall,Crystal Farms,Raccoon,1989,M,Subadult
16281,Georgia,Putnam,,Raccoon,1981,F,SUBADULT
16283,Georgia,Walton,,Raccoon,1983,F,Subadult
16381,Georgia,Madison,New Town,Raccoon,1981,F,Subadult
16383,Georgia,Walton,,Raccoon,1983,M,Subadult
16387,Georgia,Clarke,Athens,Raccoon,1987,F,Adult
16487,Georgia,Oconee,Athens,Raccoon,1987,F,Subadult
16491,Georgia,Floyd,,Raccoon,1991,M,Subadult
16588,Georgia,Morgan,Buckhead,Raccoon,1988,M,Adult
16788,Georgia,Liberty,,Raccoon,1988,F,Adult
16888,Georgia,Glynn,Saint Simons Island,Raccoon,1988,M,Subadult
16997,Georgia,Morgan,Madison,Raccoon,1997,Female,Adult
17587,Georgia,Gwinnett,Snellville,Raccoon,1987,F,Adult
17988,Georgia,Glynn,"513 Plantation Road, Brunswick",Raccoon,1988,F,Adult
18088,Georgia,Glynn,,Raccoon,1988,M,Adult
18187,Georgia,Clarke,,Raccoon,1987,F,
18388,Georgia,Gwinnett,"Roswell Road, Sandy Springs",Raccoon,1988,M,Subadult
19187,Georgia,Union,Neals Gap,Raccoon,1987,F,Subadult
19283,Georgia,Gwinnett,Stone Mountain,Raccoon,1983,F,Adult
19287,Georgia,Camden,Cumberland Island Natl. Seashore,Raccoon,1987,F,Adult
19387,Georgia,Camden,Cumberland Island Natl. Seashore,Raccoon,1987,F,Adult
19488,Georgia,Glynn,Saint Simons,Raccoon,1988,M,Subadult
19588,Georgia,Glynn,Thorahill Drive,Raccoon,1988,F,Subadult
19683,Georgia,Clarke,Tamarack Drive,Raccoon,1983,M,Adult
19688,Georgia,Glynn,Riverside Drive,Raccoon,1988,M,Adult
19788,Georgia,Glynn,Fletec,Raccoon,1988,F,Subadult
19791,Georgia,Forsyth,,Raccoon,1991,UK,UK
19888,Georgia,Glynn,Kelvin Grove,Raccoon,1988,F,Adult
19982,Georgia,Banks,,Raccoon,1982,M,Subadult
19988,Georgia,Glynn,Northside Church,Raccoon,1988,M,Subadult
20182,Georgia,Habersham,,Raccoon,1982,M,Subadult
20382,Georgia,Mcintosh,Sapelo Island,Raccoon,1982,M,Adult
21988,Georgia,Glynn,Brunswick,Raccoon,1988,M,Adult
22188,Georgia,Glynn,Brunswick,Raccoon,1988,F,Adult
22288,Georgia,Glynn,Brunswick,Raccoon,1988,M,Adult
22388,Georgia,Glynn,Cebar Point Road,Raccoon,1988,M,Adult
23012,Georgia,Clarke,"1455 Beaver Dam Rd, Athens",Raccoon,2012,Female,Adult
23488,Georgia,Rabun,,Raccoon,1988,M,Subadult
23991,Georgia,Bartow,,Raccoon,1991,M,Adult
25505,Georgia,Coweta,"Bridgewater Lane, Newnan",Raccoon,2005,Male,Adult
26088,Georgia,Habersham,Alto,Raccoon,1988,M,Adult
26188,Georgia,White,,Raccoon,1988,F,SUBADULT
29509,Georgia,Dade,Trenton City Limits,Raccoon,2009,Both,"Juv, Adult"
31302,Georgia,Chatham,,Raccoon,2002,Female,Adult
35713,Georgia,Baker,J.W. Jones Ecological Research Center,Raccoon,2013,Male,Adult
202,Kansas,Johnson,Stillwell,Raccoon,2002,Male,Adult
302,Kansas,Johnson,Overland Park Arboretum,Raccoon,2002,Male,Adult
402,Kansas,Cowley,Near Winfield,Raccoon,2002,Female,Subadult
2197,Kansas,Riley,Manhattan,Raccoon,1997,Unknown,Adult
2803,Kansas,Crawford,,Raccoon,2003,Female,Adult
2900,Kansas,Jefferson,Perry State Park,Raccoon,2000,Female,Adult
3597,Kansas,Sedgwick,Argonia,Raccoon,1997,Male,Adult
4486,Kansas,Coffey,Flint Hills Natl. Wildl. Refuge,Raccoon,1986,F,Adult
4686,Kansas,Lyon,Badger Creek,Raccoon,1986,F,Adult
4786,Kansas,Lyon,Badger Creek,Raccoon,1986,F,Adult
5210,Kansas,Lyon,Emporia,Raccoon,2010,Female,Adult
7306,Kansas,Jefferson,"N39.15810, W095.44943",Raccoon,2006,Male,Adult
7399,Kansas,Miami,Hillsdale State Park,Raccoon,1999,Male,Adult
12411,Kansas,Lyon,"1515 Berkley, Emporia",Raccoon,2011,Female,Adult
14811,Kansas,Ottawa,"Sec. 8T11Sr2W, Ottawa State Fishing Lake",Raccoon,2011,Male,Adult
20309,Kansas,Jefferson,Ozawkie,Raccoon,2009,Male,Juvenile
20800,Kansas,Crawford,Na,Raccoon,2000,Female,Adult
22411,Kansas,Morris,Council Grove Reservoir,Raccoon,2011,Male,Adult
37109,Kansas,Mitchell,Beloit,Raccoon,2009,Male,Adult
37409,Kansas,Doniphan,Wathena,Raccoon,2009,Female,Adult
39211,Kansas,Ottawa,City Of Minneapolis,Raccoon,2011,Female,Adult
48502,Kansas,Saline,"Peewee Creek, Rosehill And Ohio St",Raccoon,2002,Male,Adult
4113,Kentucky,Fayette,Uk Applied Energy Research Facility,Raccoon,2013,Female,Unknown
6282,Kentucky,Trigg,Honker Lake,Raccoon,1982,M,Adult
10182,Kentucky,Trigg/Lyon,Landbetweenthelakes Administration Building,Raccoon,1982,F,Adult
10282,Kentucky,Trigg/Lyon,Landbetweenthelakes Mulberry Flat Road,Raccoon,1982,F,Adult
10382,Kentucky,Trigg/Lyon,Landbetweenthelakes Mulberry Flat Road,Raccoon,1982,F,Adult
10482,Kentucky,Trigg/Lyon,Landbetweenthelakes Rhodes Hollow,Raccoon,1982,M,Adult
10582,Kentucky,Trigg/Lyon,Landbetweenthelakes Youth Station,Raccoon,1982,F,Adult
10682,Kentucky,Trigg/Lyon,Landbetweenthelakes Silver Trail And Trace,Raccoon,1982,M,Adult
12912,Kentucky,Shelby,Finchville,Raccoon,2012,Male,Adult
33013,Kentucky,Floyd,"37? 41' 52.8"",   ~82? 43' 29.9""",Raccoon,2013,Male,Adult
34413,Kentucky,Carter,Carter Caves State Resort Park,Raccoon,2013,Male,Adult
47111,Kentucky,Jefferson,"4516 Outer Loop, Lexington",Raccoon,2011,Female,Adult
2510,Louisiana,Beauregard,Northwest Deridder,Raccoon,2010,Male,Adult
4593,Louisiana,,Tensas River National Wildlife Refuge,Raccoon,1993,F,Adult
4693,Louisiana,,Tensas River National Wildlife Refuge,Raccoon,1993,M,Adult
5312,Louisiana,St. Tammany,Mandeville,Raccoon,2012,Female,Adult
6510,Louisiana,Acadia ,"1084 St. Jules Rd, Iota",Raccoon,2010,Male,Adult
6513,Louisiana,Livingston,"140 Fletcher St., Denham Springs",Raccoon,2013,Male,Adult
7212,Louisiana,St. Tammany,Madisonville,Raccoon,2012,Female,Adult
7509,Louisiana,Vernon,Leesville,Raccoon,2009,Male,Adult
7812,Louisiana,St. Tammany,Covington,Raccoon,2012,Female,Adult
7912,Louisiana,St. Tammany,Mandeville,Raccoon,2012,Female,Adult
11711,Louisiana,St. Landry,Grand Coteau,Raccoon,2011,"M, F","Ad, Juv"
14290,Louisiana,Tensas,Tensas River National Wildlife Refuge,Raccoon,1990,F,Subadult
16311,Louisiana,Clasasieu,"Fairmont Road, Westlake",Raccoon,2011,Male,Adul
18912,Louisiana,Lafourche,Thibodaux,Raccoon,2012,Female,Adult
22613,Louisiana,Winn,Goldonna,Raccoon,2013,Male,Adult
35811,Louisiana,Tangipahoa,Kentwood,Raccoon,2011,Male,Adult
47411,Louisiana,Livingston,Walker,Raccoon,2011,Male,Juvenille
62812,Louisiana,East Feliciana,Clinton,Raccoon,2012,Male,Adult
02510 Addendum,Louisiana,Beauregard,Northwest Deridder,Raccoon,2010,Male,Adult
9811,Maryland,Anne Arundel,"1183 Mainsail Drive, Annapolis",Raccoon,2011,Female,Adult
985,Mississippi,Yazoo,Panther Swamp Natl. Wildl. Refuge,Raccoon,1985,M,Adult
10209,Missouri,St. Louis,Kirkwood,Raccoon,2009,Female,Adult
1685,North Carolina,Forsyth,,Raccoon,1985,M,SUBADULT
3991,North Carolina,Pamlico,Cherry Point Mcas,Raccoon,1991,M,Subadult
4091,North Carolina,Pamlico,Cherry Point Mcas,Raccoon,1991,F,Adult
5883,North Carolina,New Hanover,,Raccoon,1983,,
8491,North Carolina,Craven,"Cypress Shores, New Bern",Raccoon,1991,M,Subadult
8691,North Carolina,Pamlico,Grantsboro,Raccoon,1991,F,Subadult
8801,North Carolina,Haywood,"Garner Cove, South Waynesville",Raccoon,2001,Female,Adult
8891,North Carolina,Beaufort,Hickory Point,Raccoon,1991,M,Adult
8991,North Carolina,Craven,Fairfield Harbor,Raccoon,1991,M,Adult
20282,North Carolina,Cleveland,Lawndale,Raccoon,1982,M,SUBADULT
26888,North Carolina,Graham,,Raccoon,1988,F,Adult
575,South Carolina,Charleston,Kiawah Island,Raccoon,1975,F,Adult
1308,South Carolina,Charleston,"319 E Indian, City Of Folly Beach",Raccoon,2008,Unknown,1 yr
1408,South Carolina,Charleston,"702 E Ashley, City Of Folly Beach",Raccoon,2008,Unknown,1 yr
1990,South Carolina,Anderson,,Raccoon,1990,M,Adult
2913,South Carolina,Charleston,Hanahan,Raccoon,2013,Female,Adult
3180,South Carolina,Beaufort,Hilton Head,Raccoon,1980,M,Adult
3280,South Carolina,Beaufort,Hilton Head,Raccoon,1980,M,SUBADULT
3380,South Carolina,Beaufort,Hilton Head,Raccoon,1980,M,Adult
3480,South Carolina,Beaufort,Hilton Head,Raccoon,1980,M,Adult
5091,South Carolina,Union,,Raccoon,1991,M,Adult
5895,South Carolina,Pickens,Central,Raccoon,1995,M,ADULT
6188,South Carolina,Georgetown,Murphy Island,Raccoon,1988,M,3 YR
6787,South Carolina,Richland,Congaree Natl. Monument,Raccoon,1987,M,Adult
6988,South Carolina,Georgetown,South Island,Raccoon,1988,M,SUB ADULT
7088,South Carolina,Georgetown,South Island  North End,Raccoon,1988,F,Adult
7178,South Carolina,Mccormick,,Raccoon,1978,M,Adult
7188,South Carolina,Georgetown,South Island  North End,Raccoon,1988,F,
8881,South Carolina,Berkeley,Dennis Center,Raccoon,1981,F,Adult
9287,South Carolina,Oconee,Whitewater Falls,Raccoon,1987,F,SUBADULT
9988,South Carolina,Georgetown,Cat Island,Raccoon,1988,M,Subadult
13089,South Carolina,Lexington,.5 Miles From Congaree River,Raccoon,1989,F,Subadult
13189,South Carolina,Lexington,.5 Miles From Congaree River,Raccoon,1989,M,Subadult
14384,South Carolina,Greenwood,,Raccoon,1984,F,Adult
14385,South Carolina,Greenwood,,Raccoon,1984,F,Adult
15788,South Carolina,Georgetown,South Island,Raccoon,1988,F,Subadult
15909,South Carolina,Union,"Sardis Road, Near Union",Raccoon,2009,Male,Juvenile
20308,South Carolina,Pickens,Central,Raccoon,2008,Male,Adult
21207,South Carolina,Charleston,James Island,Raccoon,2007,Female,Adult
21507,South Carolina,Charleston,James Island,Raccoon,2007,Female,Adult
22198,South Carolina,Richland,Congaree River Swamp,Raccoon,1998,Male,Adult
187,Tennessee,Dekalb,,Raccoon,1987,F,Adult
1004,Tennessee,Rutherford,Lavergne,Raccoon,2004,Female,Adult
1500,Tennessee,Davidson,Na,Raccoon,2000,Male,Juvenile
1911,Tennessee,Henderson,"3037 Mt. Ararat Road, Darden",Raccoon,2011,Both,Adult
1993,Tennessee,Williamson,Near Franlklin,Raccoon,1993,F,Adult
1995,Tennessee,Hickman,,Raccoon,1995,F,Adult
2011,Tennessee,Henderson,"3037 Mt. Ararat Road, Darden",Raccoon,2011,Male,Adult
2093,Tennessee,Williamson,Near Franlklin,Raccoon,1993,F,Adult
2795,Tennessee,Giles,Pulaski,Raccoon,1995,M,ADULT
3011,Tennessee,Lawrence,Lawrenceburg,Raccoon,2011,Male,Adult
3995,Tennessee,Hawkins,Holston Army Ammunition Plant,Raccoon,1995,F,ADULT
4499,Tennessee,Davidson,Goodletsville,Raccoon,1999,Both,Varying Ages
4712,Tennessee,Overton,Hardy'S Chapel,Raccoon,2012,Male,Unknown
4994,Tennessee,Giles,Prospect,Raccoon,1994,F,Adult
5189,Tennessee,Coffey,Arnold Engineering Development Center Wma,Raccoon,1989,M,Subadult
5484,Tennessee,Hardeman,,Raccoon,1984,F,Adult
5689,Tennessee,Giles,,Raccoon,1989,M,SUBADULT
6300,Tennessee,Franklin,Decherd,Raccoon,2000,Male,Juvenile
7289,Tennessee,Lawrence,Laurel Hill Wma,Raccoon,1989,M,Adult
7693,Tennessee,,Oak Ridge Wma,Raccoon,1993,M,Adult
7776,Tennessee,,Buffalo Springs Game Farm,Raccoon,1976,F,Adult
8004,Tennessee,Lake,Reelfoot Lake State Park  Keystone Area,Raccoon,2004,Female,Adult
8184,Tennessee,Dekalb,,Raccoon,1984,F,SUBADULT
8203,Tennessee,Giles,Bunker Hill Community,Raccoon,2003,Female,Adult
8610,Tennessee,Cheatham,Ashland City,Raccoon,2010,Male,Juvenile
8698,Tennessee,Davidson,Opryland Golf Course,Raccoon,1998,Female,Adult
8798,Tennessee,Houston,Tennessee Ridge,Raccoon,1998,Female,Adult
10584,Tennessee,Hardeman,,Raccoon,1984,M,SUBADULT
11688,Tennessee,Lake,Reelfoot Lake,Raccoon,1988,M,Adult
11788,Tennessee,Crockett,,Raccoon,1988,M,Subadult
13111,Tennessee,Overton,Standing Stone State Park,Raccoon,2011,Female,Adult
14090,Tennessee,Washington,,Raccoon,1990,NA,NA
15392,Tennessee,Cheatham,White Bluff,Raccoon,1992,M,Adult
15592,Tennessee,Davidson,Nashville,Raccoon,1991,M,Adult
15594,Tennessee,Hawkins,Holston Army Ammunition Plant,Raccoon,1994,F,Adult
15987,Tennessee,Jackson,Gainesboro,Raccoon,1987,M,Adult
18287,Tennessee,Scott,,Raccoon,1987,M,Adult
21091,Tennessee,Davidson,,Raccoon,1991,,
23410,Tennessee,Davidson,Unknown,Raccoon,2010,Unknown,Juvenile
1288,Virginia,Fairfax,Huntley Meadows Park,Raccoon,1988,M,Adult
3695,Virginia,Walton,Social Circle,Raccoon,1995,F,ADULT
7481,Virginia,York,,Raccoon,1981,M,Adult
7979,Virginia,Smyth,Near Atkins,Raccoon,1979,F,Adult
8788,Virginia,Henrico,,Raccoon,1988,M,Adult
8811,Virginia,Clarke,"Springsbury Rd., Berryville",Raccoon,2011,Male,>1 yr
8888,Virginia,Henrico,,Raccoon,1988,F,Adult
8988,Virginia,Henrico,,Raccoon,1988,M,SUBADULT
9484,Virginia,Bedford,Vinton,Raccoon,1984,M,Adult
9782,Virginia,Smyth,,Raccoon,1982,M,SUBADULT
10581,Virginia,Smyth,Grosses Creek,Raccoon,1981,F,SUBADULT
13081,Virginia,Wythe,,Raccoon,1981,F,Subadult
13181,Virginia,Wythe,,Raccoon,1981,M,Adult
15981,Virginia,Grayson,Fairwood Valley (Upper Fox Creek),Raccoon,1981,F,Adult
16081,Virginia,Wythe,Locust Hill,Raccoon,1981,M,Adult
22806,Virginia,Spotsylvania,Fredericksburg,Raccoon,2006,Female,Adult
22898,Virginia,Clarke,Shanks Property,Raccoon,1998,Female,Adult
25106,Virginia,Sportslyvania,Fredericksburg City,Raccoon,2006,Both,"Juv, Adult"
25391,Virginia,Nelson,Wintergreen Resort,Raccoon,1991,F,Subadult
1301,West Virginia,Wirt,Near Crestan,Raccoon,2001,Female,Juvenile
3088,West Virginia,Wood,Blennerhasset Island,Raccoon,1988,F,Subadult
4292,West Virginia,Mason,Mud Run,Raccoon,1992,M,Subadult
6589,West Virginia,Mercer,Princeton,Raccoon,1989,M,Adult
7383,West Virginia,Monongalia,Wanna,Raccoon,1983,,
7684,West Virginia,Ohio,Wheeling,Raccoon,1984,F,Adult
11583,West Virginia,Wood,Parkersburg,Raccoon,1983,,
11683,West Virginia,Randolph,Georgetown Road,Raccoon,1983,,
11783,West Virginia,Wood,Parkersburg,Raccoon,1983,,
11981,West Virginia,Taylor,Near Fairmont,Raccoon,1981,F,Subadult
15081,West Virginia,Monroe,,Raccoon,1981,F,Adult
15092,West Virginia,Kanawha,St. Albans City Park,Raccoon,1992,F,Adult
18004,West Virginia,Wood,Vienna,Raccoon,2004,Male,Adult
18982,West Virginia,Hancock/Brooke,,Raccoon,1982,F,Subadult
19082,West Virginia,Hancock/Brooke,,Raccoon,1982,M,Subadult
21998,West Virginia,Berkeley,1 Mi East Of Opequon,Raccoon,1998,Female,Adult
57312,West Virginia,Wood,"4613 6Th Avenue, Vienna",Raccoon,2012,Male,Unknown
22799,Louisiana,St Tammany,Na,"Raccoon, Opossum",1999,Female,Varying Ages
8487,Georgia,Clarke,,Red Fox,1987,M,Adult
16288,Georgia,White,Helen,Red Fox,1988,M,Subadult
21608,North Carolina,Burke,Morganton,Red Fox,2008,Female,Adult
801,Georgia,White,"Highway 129, Cleveland",Striped Skunk,2001,Male,Unknown
2108,Georgia,Floyd,The Campus Of Berry College,Striped Skunk,2008,Female,Adult
2589,Georgia,Morgan,Madison,Striped Skunk,1989,M,SUBADULT
5389,Georgia,Madison,Miracle Years Of Learning Day Car Center,Striped Skunk,1989,M,Subadult
18688,Georgia,Oconee,Hickory Hill Subdivision,Striped Skunk,1988,F,Subadult
1705,Kansas,Franklin,2856 John Brown Rd,Striped Skunk,2005,Female,Adult
8713,Pennsylvania,Lackawanna,"N41.438182,      W75.661007",Striped Skunk,2013,Female,Adult
10213,Pennsylvania,Lackawanna,"N41.462202,      W75.621911",Striped Skunk,2013,Female,Adult
10913,Pennsylvania,Bradford,"N41.704599,      W76.561521",Striped Skunk,2013,Female,Adult
15012,Pennsylvania,Unknown,Unknown,Striped Skunk,2012,Female,Adult
26012,Pennsylvania,Allegheny,Mckeesport/ Liberty,Striped Skunk,2012,Female,Adult
6293,Tennessee,,,Striped Skunk,1993,M,Adult
6413,Virginia,Roanoke,Roanoke,Striped Skunk,2013,Both,Adult
